2013-11-19T10:51:46,1,0x40,0x0,15,3903565.5,102.99,2.12E-05,16.7,345.7,345.5,0,0,0,0,0,0
2013-11-19T10:52:46,1,0x40,0x0,30,4473098,103,1.90E-05,17.2,346.4,345.9,0,0,0,0,0,0
2013-11-19T10:53:46,1,0x40,0x0,44,5009592.5,103.01,1.73E-05,17.7,346.1,345.6,0,0,0,0,0,0
2013-11-19T10:54:46,1,0x40,0x0,59,5509625.5,103.01,1.60E-05,18.2,345.5,345.2,0,0,0,0,0,0
2013-11-19T10:55:46,1,0x40,0x0,74,5755163,103.02,1.54E-05,18.7,346.2,345.6,0,0,0,0,0,0
2013-11-19T10:56:46,1,0x40,0x0,89,3777079.5,103.02,2.18E-05,19.2,345.4,345,0,0,0,0,0,0
2013-11-19T10:57:46,1,0x40,0x0,103,6453008,103.03,1.39E-05,19.7,346.3,345.6,0,0,0,0,0,0
2013-11-19T10:58:46,1,0x40,0x0,118,7037876.5,103.02,1.29E-05,20.1,345.4,345,0,0,0,0,0,0
2013-11-19T10:59:46,1,0x40,0x0,133,6610158.5,103.02,1.36E-05,20.5,346.3,345.6,0,0,0,0,0,0
2013-11-19T11:00:46,1,0x40,0x0,148,6630279,103.02,1.36E-05,20.9,345.6,345.1,0,0,0,0,0,0
2013-11-19T11:01:46,1,0x40,0x0,162,6509137,103.03,1.38E-05,21.3,346.4,345.7,0,0,0,0,0,0
2013-11-19T11:02:46,1,0x40,0x0,177,5472919.5,103.02,1.61E-05,21.7,345.6,345.1,0,0,0,0,0,0
2013-11-19T11:03:46,1,0x40,0x0,192,5917069.5,103.03,1.50E-05,22.1,345.6,345.1,0,0,0,0,0,0
2013-11-19T11:04:46,1,0x40,0x0,206,6623798.5,103.04,1.36E-05,22.4,346.3,345.5,0,0,0,0,0,0
2013-11-19T11:05:46,1,0x40,0x0,221,6954212,103.02,1.30E-05,22.7,345.6,345.1,0,0,0,0,0,0
2013-11-19T11:06:46,1,0x40,0x0,236,8795403,103.03,1.06E-05,23,346.3,345.5,0,0,0,0,0,0
2013-11-19T11:07:46,1,0x40,0x0,251,9024232,103.03,1.03E-05,23.3,346.3,345.5,0,0,0,0,0,0
2013-11-19T11:08:46,1,0x40,0x0,265,8246393,103.03,1.12E-05,23.6,346.4,345.6,0,0,0,0,0,0
2013-11-19T11:09:46,1,0x40,0x0,280,10094041,103.03,9.33E-06,23.9,345.6,345.1,0,0,0,0,0,0
2013-11-19T11:10:46,1,0x40,0x0,295,10602447,103.03,8.92E-06,24.1,346.4,345.6,0,0,0,0,0,0
2013-11-19T11:11:46,1,0x40,0x0,310,9004133,103.02,1.04E-05,24.4,345.6,345,0,0,0,0,0,0
2013-11-19T11:12:46,1,0x40,0x0,324,7961279,103.04,1.16E-05,24.6,346.4,345.5,0,0,0,0,0,0
2013-11-19T11:13:46,1,0x40,0x0,339,10171574,103.02,9.27E-06,24.9,346.4,345.6,0,0,0,0,0,0
2013-11-19T11:14:46,1,0x40,0x0,354,12212246,103.02,7.83E-06,25.1,345.5,344.9,0,0,0,0,0,0
2013-11-19T11:15:46,1,0x40,0x0,368,12580344,103.02,7.62E-06,25.3,346.4,345.5,0,0,0,0,0,0
2013-11-19T11:16:46,1,0x40,0x0,383,11524641,103.03,8.26E-06,25.5,345.6,345,0,0,0,0,0,0
2013-11-19T11:17:46,1,0x40,0x0,398,11665967,103.02,8.17E-06,25.8,346.3,345.4,0,0,0,0,0,0
2013-11-19T11:18:46,1,0x40,0x0,413,10873912,103.02,8.72E-06,25.9,345.6,345,0,0,0,0,0,0
2013-11-19T11:19:46,1,0x40,0x0,427,8991212,103.04,1.04E-05,26.1,346.2,345.4,0,0,0,0,0,0
2013-11-19T11:20:46,1,0x40,0x0,442,9647169,103.02,9.73E-06,26.3,345.6,345,0,0,0,0,0,0
2013-11-19T11:21:46,1,0x40,0x0,457,8443403,103.02,1.10E-05,26.5,346.3,345.4,0,0,0,0,0,0
2013-11-19T11:22:46,1,0x40,0x0,472,10759973,103.02,8.80E-06,26.7,346.3,345.4,0,0,0,0,0,0
2013-11-19T11:23:46,1,0x40,0x0,486,9237687,103.02,1.01E-05,26.9,345.6,345,0,0,0,0,0,0
2013-11-19T11:24:46,1,0x40,0x0,501,9818836,103.03,9.57E-06,27,346.4,345.5,0,0,0,0,0,0
2013-11-19T11:25:46,1,0x40,0x0,516,9611246,103.01,9.76E-06,27.2,345.5,344.9,0,0,0,0,0,0
2013-11-19T11:26:46,1,0x40,0x0,530,9115365,103.04,1.02E-05,27.4,346.4,345.5,0,0,0,0,0,0
2013-11-19T11:27:46,1,0x40,0x0,545,2401305,103.02,3.08E-05,27.5,345.5,344.9,0,0,0,0,0,0
2013-11-19T11:28:46,1,0x40,0x0,560,7928075,103.02,1.16E-05,27.7,346.2,345.3,0,0,0,0,0,0
2013-11-19T11:29:46,1,0x40,0x0,575,5123092,103.03,1.70E-05,27.8,345.6,345,0,0,0,0,0,0
2013-11-19T11:30:46,1,0x40,0x0,589,8826906,103.04,1.05E-05,28,346.4,345.5,0,0,0,0,0,0
2013-11-19T11:31:46,1,0x40,0x0,604,9957665,103.02,9.45E-06,28.1,346.3,345.4,0,0,0,0,0,0
2013-11-19T11:32:46,1,0x40,0x0,619,9296677,103.03,1.01E-05,28.2,345.6,344.9,0,0,0,0,0,0
2013-11-19T11:33:46,1,0x40,0x0,634,10658769,103.02,8.88E-06,28.4,346.3,345.4,0,0,0,0,0,0
2013-11-19T11:34:46,1,0x40,0x0,648,10630774,103.03,8.90E-06,28.5,345.6,344.9,0,0,0,0,0,0
2013-11-19T11:35:46,1,0x40,0x0,663,7552080,103.03,1.21E-05,28.7,346.4,345.4,0,0,0,0,0,0
2013-11-19T11:36:46,1,0x40,0x0,678,9110355,103.05,1.02E-05,28.8,345.6,344.9,0,0,0,0,0,0
2013-11-19T11:37:46,1,0x40,0x0,692,9067937,103.05,1.03E-05,28.9,346.4,345.4,0,0,0,0,0,0
2013-11-19T11:38:46,1,0x40,0x0,707,9702230,103.04,9.68E-06,29,345.5,344.9,0,0,0,0,0,0
2013-11-19T11:39:46,1,0x40,0x0,722,9666415,103.02,9.71E-06,29.1,346.2,345.3,0,0,0,0,0,0
2013-11-19T11:40:46,1,0x40,0x0,737,9137658,103.03,1.02E-05,29.2,346.3,345.4,0,0,0,0,0,0
2013-11-19T11:41:46,1,0x40,0x0,751,10487105,103.01,9.01E-06,29.3,345.5,344.9,0,0,0,0,0,0
2013-11-19T11:42:46,1,0x40,0x0,766,10779103,103.02,8.79E-06,29.5,346.3,345.3,0,0,0,0,0,0
2013-11-19T11:43:46,1,0x40,0x0,781,9757853,103.02,9.63E-06,29.6,345.6,344.9,0,0,0,0,0,0
2013-11-19T11:44:46,1,0x40,0x0,796,8484113,103.02,1.09E-05,29.7,346.3,345.4,0,0,0,0,0,0
2013-11-19T11:45:46,1,0x40,0x0,810,7042482.5,103.04,1.29E-05,29.8,345.6,344.9,0,0,0,0,0,0
2013-11-19T11:46:46,1,0x40,0x0,825,9266872,103.04,1.01E-05,29.9,346.3,345.3,0,0,0,0,0,0
2013-11-19T11:47:46,1,0x40,0x0,840,10994824,103.04,8.63E-06,30,345.5,344.9,0,0,0,0,0,0
2013-11-19T11:48:46,1,0x40,0x0,854,13253190,103.04,7.26E-06,30.1,346.1,345.2,0,0,0,0,0,0
2013-11-19T11:49:46,1,0x40,0x0,869,11881872,103.02,8.03E-06,30.1,346.4,345.4,0,0,0,0,0,0
2013-11-19T11:50:46,1,0x40,0x0,884,10746437,103.04,8.81E-06,30.2,345.5,344.8,0,0,0,0,0,0
2013-11-19T11:51:46,1,0x40,0x0,899,11157567,103.02,8.51E-06,30.3,346.2,345.2,0,0,0,0,0,0
2013-11-19T11:52:46,1,0x40,0x0,913,11012153,103.04,8.62E-06,30.4,345.6,344.9,0,0,0,0,0,0
2013-11-19T11:53:46,1,0x40,0x0,928,14195710,103.03,6.81E-06,30.5,346.4,345.4,0,0,0,0,0,0
2013-11-19T11:54:46,1,0x40,0x0,943,12858650,103.03,7.46E-06,30.6,345.5,344.8,0,0,0,0,0,0
2013-11-19T11:55:46,1,0x40,0x0,958,13779792,103.01,7.00E-06,30.6,346.4,345.4,0,0,0,0,0,0
2013-11-19T11:56:46,1,0x40,0x0,972,12935660,103.04,7.42E-06,30.7,345.5,344.8,0,0,0,0,0,0
2013-11-19T11:57:46,1,0x40,0x0,987,12873469,103.02,7.46E-06,30.8,345.5,344.8,0,0,0,0,0,0
2013-11-19T11:58:46,1,0x40,0x0,1002,13257281,103.02,7.25E-06,30.9,346.2,345.2,0,0,0,0,0,0
2013-11-19T11:59:46,1,0x40,0x0,1016,12121175,103.03,7.89E-06,30.9,345.5,344.8,0,0,0,0,0,0
2013-11-19T12:00:46,1,0x40,0x0,1031,13587949,103.01,7.09E-06,31,346.2,345.3,0,0,0,0,0,0
2013-11-19T12:01:46,1,0x40,0x0,1046,12601949,103.03,7.61E-06,31.1,345.6,344.9,0,0,0,0,0,0
2013-11-19T12:02:46,1,0x40,0x0,1061,12418879,103.02,7.71E-06,31.1,346.3,345.3,0,0,0,0,0,0
2013-11-19T12:03:46,1,0x40,0x0,1075,12467642,103.03,7.68E-06,31.2,345.5,344.8,0,0,0,0,0,0
2013-11-19T12:04:46,1,0x40,0x0,1090,13124593,103.02,7.32E-06,31.3,346.2,345.2,0,0,0,0,0,0
2013-11-19T12:05:46,1,0x40,0x0,1105,12071619,103.03,7.92E-06,31.3,345.5,344.8,0,0,0,0,0,0
2013-11-19T12:06:46,1,0x40,0x0,1120,9555767,103.03,9.81E-06,31.4,345.6,344.8,0,0,0,0,0,0
2013-11-19T12:07:46,1,0x40,0x0,1134,10786907,103.04,8.78E-06,31.4,346.3,345.3,0,0,0,0,0,0
2013-11-19T12:08:46,1,0x40,0x0,1149,12068899,103.02,7.92E-06,31.5,345.5,344.8,0,0,0,0,0,0
2013-11-19T12:09:46,1,0x40,0x0,1164,13194736,103.02,7.29E-06,31.5,346.2,345.2,0,0,0,0,0,0
2013-11-19T12:10:46,1,0x40,0x0,1178,13024737,103.03,7.38E-06,31.6,345.5,344.8,0,0,0,0,0,0
2013-11-19T12:11:46,1,0x40,0x0,1193,14733620,103.04,6.57E-06,31.7,346.3,345.3,0,0,0,0,0,0
2013-11-19T12:12:46,1,0x40,0x0,1208,13623790,103.01,7.07E-06,31.7,345.6,344.8,0,0,0,0,0,0
2013-11-19T12:13:46,1,0x40,0x0,1223,13426349,103.03,7.17E-06,31.8,346.3,345.2,0,0,0,0,0,0
2013-11-19T12:14:46,1,0x40,0x0,1237,13659070,103.01,7.05E-06,31.8,346.4,345.4,0,0,0,0,0,0
2013-11-19T12:15:46,1,0x40,0x0,1252,12701365,103.02,7.55E-06,31.8,345.5,344.8,0,0,0,0,0,0
2013-11-19T12:16:46,1,0x40,0x0,1267,14757274,103.02,6.56E-06,31.9,346.3,345.3,0,0,0,0,0,0
2013-11-19T12:17:46,1,0x40,0x0,1282,13382760,103.03,7.19E-06,31.9,345.6,344.8,0,0,0,0,0,0
2013-11-19T12:18:46,1,0x40,0x0,1296,14052465,103.02,6.87E-06,32,346.3,345.3,0,0,0,0,0,0
2013-11-19T12:19:46,1,0x40,0x0,1311,13335239,103.01,7.21E-06,32,345.5,344.8,0,0,0,0,0,0
2013-11-19T12:20:46,1,0x40,0x0,1326,7968329,103.02,1.16E-05,32.1,346.2,345.2,0,0,0,0,0,0
2013-11-19T12:21:46,1,0x40,0x0,1340,9248971,103.04,1.01E-05,32.1,345.6,344.9,0,0,0,0,0,0
2013-11-19T12:22:46,1,0x40,0x0,1355,15714146,103.02,6.18E-06,32.2,346.3,345.3,0,0,0,0,0,0
2013-11-19T12:23:46,1,0x40,0x0,1370,12024679,103.03,7.94E-06,32.2,346.3,345.3,0,0,0,0,0,0
2013-11-19T12:24:46,1,0x40,0x0,1385,14626910,103.02,6.62E-06,32.2,345.4,344.7,0,0,0,0,0,0
2013-11-19T12:25:46,1,0x40,0x0,1399,12387564,103.03,7.73E-06,32.3,346.4,345.3,0,0,0,0,0,0
2013-11-19T12:26:46,1,0x40,0x0,1414,13809391,103.02,6.98E-06,32.3,345.5,344.7,0,0,0,0,0,0
2013-11-19T12:27:46,1,0x40,0x0,1429,15028912,103.03,6.45E-06,32.4,346.3,345.2,0,0,0,0,0,0
2013-11-19T12:28:46,1,0x40,0x0,1444,15614152,103.04,6.22E-06,32.4,345.6,344.8,0,0,0,0,0,0
2013-11-19T12:29:46,1,0x40,0x0,1458,8049047,103.02,1.15E-05,32.4,346.3,345.2,0,0,0,0,0,0
2013-11-19T12:30:46,1,0x40,0x0,1473,11120975,103.02,8.54E-06,32.5,345.6,344.9,0,0,0,0,0,0
2013-11-19T12:31:46,1,0x40,0x0,1488,13432978,103.02,7.17E-06,32.5,345.5,344.8,0,0,0,0,0,0
2013-11-19T12:32:46,1,0x40,0x0,1502,16301650,103.01,5.97E-06,32.5,346.2,345.2,0,0,0,0,0,0
2013-11-19T12:33:46,1,0x40,0x0,1517,12589419,103.03,7.61E-06,32.6,345.4,344.7,0,0,0,0,0,0
2013-11-19T12:34:46,1,0x40,0x0,1532,15808492,103.02,6.15E-06,32.6,346.4,345.3,0,0,0,0,0,0
2013-11-19T12:35:46,1,0x40,0x0,1547,15828204,103.03,6.14E-06,32.6,345.5,344.8,0,0,0,0,0,0
2013-11-19T12:36:46,1,0x40,0x0,1561,16903768,103.01,5.77E-06,32.7,346.3,345.3,0,0,0,0,0,0
2013-11-19T12:37:46,1,0x40,0x0,1576,15439954,103.01,6.29E-06,32.7,345.5,344.8,0,0,0,0,0,0
2013-11-19T12:38:46,1,0x40,0x0,1591,16008376,103.03,6.08E-06,32.7,346.3,345.3,0,0,0,0,0,0
2013-11-19T12:39:46,1,0x40,0x0,1606,15307735,103.01,6.34E-06,32.7,345.6,344.8,0,0,0,0,0,0
2013-11-19T12:40:46,1,0x40,0x0,1620,14460841,103.03,6.69E-06,32.8,345.4,344.7,0,0,0,0,0,0
2013-11-19T12:41:46,1,0x40,0x0,1635,12613965,103.02,7.60E-06,32.8,346.3,345.2,0,0,0,0,0,0
2013-11-19T12:42:46,1,0x40,0x0,1650,14997813,103.02,6.46E-06,32.8,345.4,344.7,0,0,0,0,0,0
2013-11-19T12:43:46,1,0x40,0x0,1664,13480853,103.02,7.14E-06,32.8,346.3,345.3,0,0,0,0,0,0
2013-11-19T12:44:46,1,0x40,0x0,1679,15431450,103.02,6.29E-06,32.9,345.6,344.8,0,0,0,0,0,0
2013-11-19T12:45:46,1,0x40,0x0,1694,10808682,103.02,8.77E-06,32.9,346.3,345.2,0,0,0,0,0,0
2013-11-19T12:46:46,1,0x40,0x0,1709,10131474,103.02,9.30E-06,32.9,345.6,344.8,0,0,0,0,0,0
2013-11-19T12:47:46,1,0x40,0x0,1723,13428695,103.02,7.17E-06,33,346.3,345.3,0,0,0,0,0,0
2013-11-19T12:48:46,1,0x40,0x0,1738,16319424,103.01,5.97E-06,33,346.3,345.3,0,0,0,0,0,0
2013-11-19T12:49:46,1,0x40,0x0,1753,13222041,103.04,7.27E-06,33,345.6,344.8,0,0,0,0,0,0
2013-11-19T12:50:46,1,0x40,0x0,1768,13372105,103.02,7.20E-06,33,346.3,345.3,0,0,0,0,0,0
2013-11-19T12:51:46,1,0x40,0x0,1782,13739171,103,7.01E-06,33,345.5,344.8,0,0,0,0,0,0
2013-11-19T12:52:46,1,0x40,0x0,1797,16400986,103.02,5.94E-06,33.1,346.4,345.3,0,0,0,0,0,0
2013-11-19T12:53:46,1,0x40,0x0,1812,16455830,103.01,5.92E-06,33.1,345.5,344.7,0,0,0,0,0,0
2013-11-19T12:54:46,1,0x40,0x0,1826,17615872,103.01,5.55E-06,33.1,346.3,345.3,0,0,0,0,0,0
2013-11-19T12:55:46,1,0x40,0x0,1841,13972855,103.04,6.91E-06,33.1,345.6,344.8,0,0,0,0,0,0
2013-11-19T12:56:46,1,0x40,0x0,1856,15306934,103.02,6.34E-06,33.1,346.2,345.2,0,0,0,0,0,0
2013-11-19T12:57:46,1,0x40,0x0,1871,16076298,103.03,6.05E-06,33.2,346.2,345.2,0,0,0,0,0,0
2013-11-19T12:58:46,1,0x40,0x0,1885,16156882,103.03,6.02E-06,33.2,345.6,344.8,0,0,0,0,0,0
2013-11-19T12:59:46,1,0x40,0x0,1900,17429260,103.04,5.61E-06,33.2,346.2,345.2,0,0,0,0,0,0
2013-11-19T13:00:46,1,0x40,0x0,1915,16057304,103.03,6.06E-06,33.2,345.5,344.7,0,0,0,0,0,0
2013-11-19T13:01:46,1,0x40,0x0,1930,17599224,103.01,5.56E-06,33.2,346.3,345.2,0,0,0,0,0,0
2013-11-19T13:02:46,1,0x40,0x0,1944,15215091,103.02,6.38E-06,33.3,345.5,344.7,0,0,0,0,0,0
2013-11-19T13:03:46,1,0x40,0x0,1959,15266123,103.04,6.36E-06,33.3,346.2,345.2,0,0,0,0,0,0
2013-11-19T13:04:46,1,0x40,0x0,1974,8651223,103.02,1.07E-05,33.3,345.4,344.7,0,0,0,0,0,0
2013-11-19T13:05:46,1,0x40,0x0,1988,17018564,103.02,5.74E-06,33.3,345.5,344.7,0,0,0,0,0,0
2013-11-19T13:06:46,1,0x40,0x0,2003,11386504,103.02,8.35E-06,33.3,346.4,345.3,0,0,0,0,0,0
2013-11-19T13:07:46,1,0x40,0x0,2018,17159104,103.02,5.69E-06,33.3,345.6,344.8,0,0,0,0,0,0
2013-11-19T13:08:46,1,0x40,0x0,2033,19536862,103.02,5.03E-06,33.3,346.3,345.2,0,0,0,0,0,0
2013-11-19T13:09:46,1,0x40,0x0,2047,17981552,103.03,5.44E-06,33.4,345.5,344.7,0,0,0,0,0,0
2013-11-19T13:10:46,1,0x40,0x0,2062,19763054,103.02,4.98E-06,33.4,346.3,345.3,0,0,0,0,0,0
2013-11-19T13:11:46,1,0x40,0x0,2077,16692496,103.03,5.84E-06,33.4,345.6,344.8,0,0,0,0,0,0
2013-11-19T13:12:46,1,0x40,0x0,2092,17733058,103.03,5.52E-06,33.4,346.3,345.2,0,0,0,0,0,0
2013-11-19T13:13:46,1,0x40,0x0,2106,18623428,103.02,5.26E-06,33.4,346.4,345.3,0,0,0,0,0,0
2013-11-19T13:14:46,1,0x40,0x0,2121,17056574,103.02,5.72E-06,33.4,345.6,344.8,0,0,0,0,0,0
2013-11-19T13:15:46,1,0x40,0x0,2136,16995094,103.03,5.74E-06,33.5,346.3,345.2,0,0,0,0,0,0
2013-11-19T13:16:46,1,0x40,0x0,2150,14806105,103.02,6.54E-06,33.5,345.5,344.7,0,0,0,0,0,0
2013-11-19T13:17:46,1,0x40,0x0,2165,17791648,103,5.50E-06,33.5,346.3,345.3,0,0,0,0,0,0
2013-11-19T13:18:46,1,0x40,0x0,2180,9243889,103.01,1.01E-05,33.5,345.5,344.7,0,0,0,0,0,0
2013-11-19T13:19:46,1,0x40,0x0,2195,17000268,103.02,5.74E-06,33.5,346.2,345.2,0,0,0,0,0,0
2013-11-19T13:20:46,1,0x40,0x0,2209,15934298,103.02,6.10E-06,33.5,345.5,344.7,0,0,0,0,0,0
2013-11-19T13:21:46,1,0x40,0x0,2224,17819304,103.01,5.49E-06,33.5,346.3,345.2,0,0,0,0,0,0
2013-11-19T13:22:46,1,0x40,0x0,2239,15596892,103.02,6.23E-06,33.5,346.3,345.3,0,0,0,0,0,0
2013-11-19T13:23:46,1,0x40,0x0,2254,17726004,103.03,5.52E-06,33.6,345.6,344.8,0,0,0,0,0,0
2013-11-19T13:24:46,1,0x40,0x0,2268,16381420,103.02,5.95E-06,33.6,346.3,345.2,0,0,0,0,0,0
2013-11-19T13:25:46,1,0x40,0x0,2283,12948978,103.02,7.42E-06,33.6,345.5,344.8,0,0,0,0,0,0
2013-11-19T13:26:46,1,0x40,0x0,2298,18861618,103.03,5.20E-06,33.6,346.3,345.2,0,0,0,0,0,0
2013-11-19T13:27:46,1,0x40,0x0,2312,17749338,103.03,5.51E-06,33.6,345.4,344.7,0,0,0,0,0,0
2013-11-19T13:28:46,1,0x40,0x0,2327,17445308,103.02,5.60E-06,33.6,346.4,345.3,0,0,0,0,0,0
2013-11-19T13:29:46,1,0x40,0x0,2342,15697045,103.02,6.19E-06,33.6,345.6,344.8,0,0,0,0,0,0
2013-11-19T13:30:46,1,0x40,0x0,2357,16694030,103.03,5.84E-06,33.6,345.5,344.7,0,0,0,0,0,0
2013-11-19T13:31:46,1,0x40,0x0,2371,19166586,103.02,5.12E-06,33.6,346.3,345.2,0,0,0,0,0,0
2013-11-19T13:32:46,1,0x40,0x0,2386,17957896,103.03,5.45E-06,33.6,345.5,344.7,0,0,0,0,0,0
2013-11-19T13:33:46,1,0x40,0x0,2401,19435710,103.03,5.06E-06,33.7,346.2,345.2,0,0,0,0,0,0
2013-11-19T13:34:46,1,0x40,0x0,2416,19019120,103.01,5.16E-06,33.7,345.6,344.8,0,0,0,0,0,0
2013-11-19T13:35:46,1,0x40,0x0,2430,13099678,103.02,7.34E-06,33.7,346.3,345.3,0,0,0,0,0,0
2013-11-19T13:36:46,1,0x40,0x0,2445,15957292,103.01,6.09E-06,33.7,345.6,344.8,0,0,0,0,0,0
2013-11-19T13:37:46,1,0x40,0x0,2460,18503130,103.02,5.30E-06,33.7,346.2,345.2,0,0,0,0,0,0
2013-11-19T13:38:46,1,0x40,0x0,2474,13749696,103.02,7.01E-06,33.7,345.4,344.7,0,0,0,0,0,0
2013-11-19T13:39:46,1,0x40,0x0,2489,17601514,103.01,5.55E-06,33.7,345.6,344.8,0,0,0,0,0,0
2013-11-19T13:40:46,1,0x40,0x0,2504,18652608,103.02,5.26E-06,33.7,346.3,345.3,0,0,0,0,0,0
2013-11-19T13:41:46,1,0x40,0x0,2519,17394956,103.02,5.62E-06,33.7,345.5,344.8,0,0,0,0,0,0
2013-11-19T13:42:46,1,0x40,0x0,2533,17188254,103,5.68E-06,33.7,346.3,345.3,0,0,0,0,0,0
2013-11-19T13:43:46,1,0x40,0x0,2548,16386660,103.03,5.94E-06,33.7,345.6,344.9,0,0,0,0,0,0
2013-11-19T13:44:46,1,0x40,0x0,2563,20695890,103.03,4.76E-06,33.7,346.3,345.3,0,0,0,0,0,0
2013-11-19T13:45:46,1,0x40,0x0,2578,14161514,103.01,6.82E-06,33.7,345.5,344.7,0,0,0,0,0,0
2013-11-19T13:46:46,1,0x40,0x0,2592,17352508,103.03,5.63E-06,33.8,346.3,345.3,0,0,0,0,0,0
2013-11-19T13:47:46,1,0x40,0x0,2607,19455508,103.03,5.05E-06,33.8,346.3,345.3,0,0,0,0,0,0
2013-11-19T13:48:46,1,0x40,0x0,2622,11066551,103.02,8.58E-06,33.8,345.5,344.8,0,0,0,0,0,0
2013-11-19T13:49:46,1,0x40,0x0,2636,18905346,103.02,5.19E-06,33.8,346.2,345.2,0,0,0,0,0,0
2013-11-19T13:50:46,1,0x40,0x0,2651,10851165,103.03,8.73E-06,33.8,345.4,344.7,0,0,0,0,0,0
2013-11-19T13:51:46,1,0x40,0x0,2666,13921100,103.02,6.93E-06,33.8,346.3,345.2,0,0,0,0,0,0
2013-11-19T13:52:46,1,0x40,0x0,2681,16398474,103.02,5.94E-06,33.8,345.5,344.8,0,0,0,0,0,0
2013-11-19T13:53:46,1,0x40,0x0,2695,13621688,103.03,7.07E-06,33.8,346.4,345.3,0,0,0,0,0,0
2013-11-19T13:54:46,1,0x40,0x0,2710,15924026,103.02,6.11E-06,33.8,345.5,344.7,0,0,0,0,0,0
2013-11-19T13:55:46,1,0x40,0x0,2725,15400030,103.03,6.30E-06,33.8,346.3,345.2,0,0,0,0,0,0
2013-11-19T13:56:46,1,0x40,0x0,2740,16371722,103.02,5.95E-06,33.8,346.2,345.2,0,0,0,0,0,0
2013-11-19T13:57:46,1,0x40,0x0,2754,13431857,103.02,7.17E-06,33.8,345.6,344.8,0,0,0,0,0,0
2013-11-19T13:58:46,1,0x40,0x0,2769,7523313,103.02,1.22E-05,33.8,346.4,345.3,0,0,0,0,0,0
2013-11-19T13:59:46,1,0x40,0x0,2784,13848929,103.03,6.96E-06,33.8,345.4,344.7,0,0,0,0,0,0
2013-11-19T14:00:46,1,0x40,0x0,2798,14687560,103.04,6.59E-06,33.8,346.2,345.2,0,0,0,0,0,0
2013-11-19T14:01:46,1,0x40,0x0,2813,16219168,103.02,6.00E-06,33.8,345.6,344.8,0,0,0,0,0,0
2013-11-19T14:02:46,1,0x40,0x0,2828,14109342,103.02,6.84E-06,33.8,346.3,345.3,0,0,0,0,0,0
2013-11-19T14:03:46,1,0x40,0x0,2843,11720551,103.02,8.13E-06,33.8,345.6,344.8,0,0,0,0,0,0
2013-11-19T14:04:46,1,0x40,0x0,2857,13865143,103.02,6.96E-06,33.8,345.5,344.8,0,0,0,0,0,0
2013-11-19T14:05:46,1,0x40,0x0,2872,16004536,103.02,6.08E-06,33.8,346.3,345.2,0,0,0,0,0,0
2013-11-19T14:06:46,1,0x40,0x0,2887,15132769,103.03,6.41E-06,33.8,345.5,344.7,0,0,0,0,0,0
2013-11-19T14:07:46,1,0x40,0x0,2902,17697918,103.03,5.53E-06,33.8,346.2,345.2,0,0,0,0,0,0
2013-11-19T14:08:46,1,0x40,0x0,2916,16118640,103.02,6.04E-06,33.8,345.5,344.7,0,0,0,0,0,0
2013-11-19T14:09:46,1,0x40,0x0,2931,16918364,103.01,5.77E-06,33.8,346.3,345.3,0,0,0,0,0,0
2013-11-19T14:10:46,1,0x40,0x0,2946,16952164,103.02,5.76E-06,33.8,345.6,344.9,0,0,0,0,0,0
2013-11-19T14:11:46,1,0x40,0x0,2960,18474796,103.03,5.31E-06,33.9,346.4,345.3,0,0,0,0,0,0
2013-11-19T14:12:46,1,0x40,0x0,2975,18139084,103.02,5.40E-06,33.9,346.4,345.3,0,0,0,0,0,0
2013-11-19T14:13:46,1,0x40,0x0,2990,16849882,103.01,5.79E-06,33.9,345.6,344.8,0,0,0,0,0,0
2013-11-19T14:14:46,1,0x40,0x0,3005,17577022,103.02,5.56E-06,33.8,346.2,345.2,0,0,0,0,0,0
2013-11-19T14:15:46,1,0x40,0x0,3019,17348430,103.02,5.63E-06,33.8,345.6,344.8,0,0,0,0,0,0
2013-11-19T14:16:46,1,0x40,0x0,3034,18195328,103.02,5.38E-06,33.8,346.4,345.3,0,0,0,0,0,0
2013-11-19T14:17:46,1,0x40,0x0,3049,17405920,103.02,5.61E-06,33.8,345.4,344.7,0,0,0,0,0,0
2013-11-19T14:18:46,1,0x40,0x0,3064,17336150,103.02,5.64E-06,33.8,346.3,345.3,0,0,0,0,0,0
2013-11-19T14:19:46,1,0x40,0x0,3078,18214092,103.01,5.38E-06,33.8,345.6,344.8,0,0,0,0,0,0
2013-11-19T14:20:46,1,0x40,0x0,3093,21852974,103.02,4.52E-06,33.8,346.2,345.1,0,0,0,0,0,0
2013-11-19T14:21:46,1,0x40,0x0,3108,20572832,103.01,4.79E-06,33.8,346.3,345.2,0,0,0,0,0,0
2013-11-19T14:22:46,1,0x40,0x0,3122,16637328,103.01,5.86E-06,33.8,345.6,344.8,0,0,0,0,0,0
2013-11-19T14:23:46,1,0x40,0x0,3137,21474732,103.03,4.60E-06,33.8,346.4,345.3,0,0,0,0,0,0
2013-11-19T14:24:46,1,0x40,0x0,3152,18335116,103.03,5.34E-06,33.8,345.5,344.7,0,0,0,0,0,0
2013-11-19T14:25:46,1,0x40,0x0,3167,17399002,103.01,5.62E-06,33.8,346.3,345.2,0,0,0,0,0,0
2013-11-19T14:26:46,1,0x40,0x0,3181,18216164,103.03,5.38E-06,33.8,345.4,344.7,0,0,0,0,0,0
2013-11-19T14:27:46,1,0x40,0x0,3196,18159446,103.01,5.39E-06,33.8,346.3,345.2,0,0,0,0,0,0
2013-11-19T14:28:46,1,0x40,0x0,3211,16020216,103.02,6.07E-06,33.8,345.5,344.8,0,0,0,0,0,0
2013-11-19T14:29:46,1,0x40,0x0,3226,18046116,103.03,5.43E-06,33.8,345.6,344.8,0,0,0,0,0,0
2013-11-19T14:30:46,1,0x40,0x0,3240,20095992,103.02,4.90E-06,33.8,346.2,345.2,0,0,0,0,0,0
2013-11-19T14:31:46,1,0x40,0x0,3255,15142169,103.02,6.40E-06,33.8,345.5,344.8,0,0,0,0,0,0
2013-11-19T14:32:46,1,0x40,0x0,3270,19206986,103.02,5.11E-06,33.8,346.3,345.3,0,0,0,0,0,0
2013-11-19T14:33:46,1,0x40,0x0,3284,16924036,103.01,5.77E-06,33.8,345.5,344.7,0,0,0,0,0,0
2013-11-19T14:34:46,1,0x40,0x0,3299,18909098,103.01,5.19E-06,33.8,346.2,345.2,0,0,0,0,0,0
2013-11-19T14:35:46,1,0x40,0x0,3314,16265748,103.02,5.99E-06,33.8,345.5,344.8,0,0,0,0,0,0
2013-11-19T14:36:46,1,0x40,0x0,3329,19126258,103.03,5.13E-06,33.8,346.4,345.3,0,0,0,0,0,0
2013-11-19T14:37:46,1,0x40,0x0,3343,17885880,103.03,5.47E-06,33.8,345.5,344.7,0,0,0,0,0,0
2013-11-19T14:38:46,1,0x40,0x0,3358,17310704,103.02,5.64E-06,33.8,345.6,344.8,0,0,0,0,0,0
2013-11-19T14:39:46,1,0x40,0x0,3373,18814758,103.02,5.21E-06,33.8,346.2,345.2,0,0,0,0,0,0
2013-11-19T14:40:46,1,0x40,0x0,3388,16093316,103.02,6.05E-06,33.8,345.6,344.8,0,0,0,0,0,0
2013-11-19T14:41:46,1,0x40,0x0,3402,11970601,103.02,7.98E-06,33.8,346.3,345.2,0,0,0,0,0,0
2013-11-19T14:42:46,1,0x40,0x0,3417,15579962,103.02,6.23E-06,33.8,345.5,344.7,0,0,0,0,0,0
2013-11-19T14:43:46,1,0x40,0x0,3432,18501688,103.01,5.30E-06,33.8,346.3,345.2,0,0,0,0,0,0
2013-11-19T14:44:46,1,0x40,0x0,3446,16531380,103.02,5.90E-06,33.8,345.6,344.8,0,0,0,0,0,0
2013-11-19T14:45:46,1,0x40,0x0,3461,18233516,103.02,5.37E-06,33.8,346.4,345.4,0,0,0,0,0,0
2013-11-19T14:46:46,1,0x40,0x0,3476,17720258,103.01,5.52E-06,33.8,346.3,345.2,0,0,0,0,0,0
2013-11-19T14:47:46,1,0x40,0x0,3491,14742189,103.01,6.57E-06,33.8,345.6,344.8,0,0,0,0,0,0
2013-11-19T14:48:46,1,0x40,0x0,3505,16048876,103.02,6.06E-06,33.8,346.3,345.2,0,0,0,0,0,0
2013-11-19T14:49:46,1,0x40,0x0,3520,15517498,103.01,6.26E-06,33.8,345.6,344.8,0,0,0,0,0,0
2013-11-19T14:50:46,1,0x40,0x0,3535,17614680,103.02,5.55E-06,33.8,346.4,345.3,0,0,0,0,0,0
2013-11-19T14:51:46,1,0x40,0x0,3550,16854842,103.01,5.79E-06,33.8,345.6,344.8,0,0,0,0,0,0
2013-11-19T14:52:46,1,0x40,0x0,3564,17888866,103.02,5.47E-06,33.8,346.2,345.1,0,0,0,0,0,0
2013-11-19T14:53:46,1,0x40,0x0,3579,15862580,103.01,6.13E-06,33.8,345.5,344.7,0,0,0,0,0,0
2013-11-19T14:54:46,1,0x40,0x0,3594,17011894,103.01,5.74E-06,33.8,346.3,345.3,0,0,0,0,0,0
2013-11-19T14:55:46,1,0x40,0x0,3608,16285658,103.01,5.98E-06,33.8,346.4,345.3,0,0,0,0,0,0
2013-11-19T14:56:46,1,0x40,0x0,3623,14075225,103.01,6.86E-06,33.8,345.6,344.8,0,0,0,0,0,0
2013-11-19T14:57:46,1,0x40,0x0,3638,15235543,103.02,6.37E-06,33.8,346.3,345.2,0,0,0,0,0,0
2013-11-19T14:58:46,1,0x40,0x0,3653,14003566,103.02,6.89E-06,33.8,345.5,344.8,0,0,0,0,0,0
2013-11-19T14:59:46,1,0x40,0x0,3667,11771960,103.02,8.10E-06,33.8,346.2,345.2,0,0,0,0,0,0
2013-11-19T15:00:46,1,0x40,0x0,3682,15008172,103.01,6.46E-06,33.8,345.5,344.7,0,0,0,0,0,0
2013-11-19T15:01:46,1,0x40,0x0,3697,16702632,103.03,5.84E-06,33.8,346.2,345.1,0,0,0,0,0,0
2013-11-19T15:02:46,1,0x40,0x0,3712,15878980,103.01,6.12E-06,33.8,345.6,344.9,0,0,0,0,0,0
2013-11-19T15:03:46,1,0x40,0x0,3726,16777316,103.02,5.81E-06,33.8,345.4,344.7,0,0,0,0,0,0
2013-11-19T15:04:46,1,0x40,0x0,3741,18797240,103.02,5.22E-06,33.8,346.3,345.2,0,0,0,0,0,0
2013-11-19T15:05:46,1,0x40,0x0,3756,14663852,103.02,6.60E-06,33.8,345.6,344.8,0,0,0,0,0,0
2013-11-19T15:06:46,1,0x40,0x0,3770,17015938,103.02,5.74E-06,33.8,346.3,345.3,0,0,0,0,0,0
2013-11-19T15:07:46,1,0x40,0x0,3785,15921388,103.03,6.11E-06,33.8,345.6,344.8,0,0,0,0,0,0
2013-11-19T15:08:46,1,0x40,0x0,3800,17665134,103.02,5.54E-06,33.8,346.3,345.2,0,0,0,0,0,0
2013-11-19T15:09:46,1,0x40,0x0,3815,12711804,103.02,7.54E-06,33.8,345.4,344.6,0,0,0,0,0,0
2013-11-19T15:10:46,1,0x40,0x0,3829,16516076,103.02,5.90E-06,33.8,346.3,345.2,0,0,0,0,0,0
2013-11-19T15:11:46,1,0x40,0x0,3844,16866424,103.02,5.78E-06,33.8,346.3,345.2,0,0,0,0,0,0
2013-11-19T15:12:46,1,0x40,0x0,3859,12844328,103.03,7.47E-06,33.8,345.6,344.8,0,0,0,0,0,0
2013-11-19T15:13:46,1,0x40,0x0,3874,18658270,103.04,5.26E-06,33.8,346.2,345.2,0,0,0,0,0,0
2013-11-19T15:14:46,1,0x40,0x0,3888,16164462,103.03,6.02E-06,33.8,345.6,344.8,0,0,0,0,0,0
2013-11-19T15:15:46,1,0x40,0x0,3903,19020430,103.02,5.16E-06,33.8,346.3,345.2,0,0,0,0,0,0
2013-11-19T15:16:46,1,0x40,0x0,3918,15033384,103.03,6.45E-06,33.8,345.6,344.8,0,0,0,0,0,0
2013-11-19T15:17:46,1,0x40,0x0,3932,17896326,103.02,5.47E-06,33.8,346.3,345.2,0,0,0,0,0,0
2013-11-19T15:18:46,1,0x40,0x0,3947,15812996,103.02,6.15E-06,33.8,345.6,344.8,0,0,0,0,0,0
2013-11-19T15:19:46,1,0x40,0x0,3962,15592770,103.03,6.23E-06,33.7,346.3,345.3,0,0,0,0,0,0
2013-11-19T15:20:46,1,0x40,0x0,3977,17308550,103.02,5.64E-06,33.7,346.4,345.3,0,0,0,0,0,0
2013-11-19T15:21:46,1,0x40,0x0,3991,11772714,103.01,8.10E-06,33.7,345.5,344.7,0,0,0,0,0,0
2013-11-19T15:22:46,1,0x40,0x0,4006,5679526,103.02,1.56E-05,33.7,346.4,345.3,0,0,0,0,0,0
2013-11-19T15:23:46,1,0x40,0x0,4021,8892793,103.02,1.05E-05,33.7,345.5,344.8,0,0,0,0,0,0
2013-11-19T15:24:46,1,0x40,0x0,4036,11637179,103.02,8.19E-06,33.7,346.3,345.2,0,0,0,0,0,0
2013-11-19T15:25:46,1,0x40,0x0,4050,13055040,103.03,7.36E-06,33.7,345.5,344.8,0,0,0,0,0,0
2013-11-19T15:26:46,1,0x40,0x0,4065,15132586,103.02,6.41E-06,33.7,346.3,345.2,0,0,0,0,0,0
2013-11-19T15:27:46,1,0x40,0x0,4080,14200139,103.02,6.80E-06,33.7,345.6,344.8,0,0,0,0,0,0
2013-11-19T15:28:46,1,0x40,0x0,4094,17250362,103.02,5.66E-06,33.7,346.3,345.2,0,0,0,0,0,0
2013-11-19T15:29:46,1,0x40,0x0,4109,16892886,103.01,5.78E-06,33.7,346.4,345.3,0,0,0,0,0,0
2013-11-19T15:30:46,1,0x40,0x0,4124,16058596,103.04,6.06E-06,33.7,345.6,344.8,0,0,0,0,0,0
2013-11-19T15:31:46,1,0x40,0x0,4139,18352364,103.02,5.34E-06,33.7,346.4,345.3,0,0,0,0,0,0
2013-11-19T15:32:46,1,0x40,0x0,4153,16524956,103.02,5.90E-06,33.7,345.5,344.8,0,0,0,0,0,0
2013-11-19T15:33:46,1,0x40,0x0,4168,16962648,103.01,5.75E-06,33.7,346.3,345.2,0,0,0,0,0,0
2013-11-19T15:34:46,1,0x40,0x0,4183,9181107,103.01,1.02E-05,33.7,345.6,344.8,0,0,0,0,0,0
2013-11-19T15:35:46,1,0x40,0x0,4198,18141898,103.01,5.40E-06,33.7,346.3,345.2,0,0,0,0,0,0
2013-11-19T15:36:46,1,0x40,0x0,4212,12205155,103.03,7.84E-06,33.7,345.6,344.8,0,0,0,0,0,0
2013-11-19T15:37:46,1,0x40,0x0,4227,17413972,103.01,5.61E-06,33.7,345.4,344.7,0,0,0,0,0,0
2013-11-19T15:38:46,1,0x40,0x0,4242,17008140,103.02,5.74E-06,33.7,346.3,345.2,0,0,0,0,0,0
2013-11-19T15:39:46,1,0x40,0x0,4256,17108592,103.02,5.71E-06,33.7,345.6,344.8,0,0,0,0,0,0
2013-11-19T15:40:46,1,0x40,0x0,4271,21138320,103.04,4.67E-06,33.7,346.3,345.2,0,0,0,0,0,0
2013-11-19T15:41:46,1,0x40,0x0,4286,20388170,103.02,4.83E-06,33.7,345.6,344.7,0,0,0,0,0,0
2013-11-19T15:42:46,1,0x40,0x0,4301,22784536,103.02,4.34E-06,33.7,346.3,345.2,0,0,0,0,0,0
2013-11-19T15:43:46,1,0x40,0x0,4315,18395976,103.02,5.33E-06,33.7,345.6,344.8,0,0,0,0,0,0
2013-11-19T15:44:46,1,0x40,0x0,4330,20241626,103.02,4.86E-06,33.7,346.4,345.3,0,0,0,0,0,0
2013-11-19T15:45:46,1,0x40,0x0,4345,21271338,103.02,4.64E-06,33.7,346.4,345.3,0,0,0,0,0,0
2013-11-19T15:46:46,1,0x40,0x0,4360,19848876,103.02,4.95E-06,33.7,345.5,344.7,0,0,0,0,0,0
2013-11-19T15:47:46,1,0x40,0x0,4374,21109446,103.02,4.67E-06,33.7,346.4,345.3,0,0,0,0,0,0
2013-11-19T15:48:46,1,0x40,0x0,4389,11895784,103.03,8.02E-06,33.7,345.5,344.8,0,0,0,0,0,0
2013-11-19T15:49:46,1,0x40,0x0,4404,14121094,103.02,6.84E-06,33.7,346.4,345.3,0,0,0,0,0,0
2013-11-19T15:50:46,1,0x40,0x0,4418,18571784,103.02,5.28E-06,33.7,345.5,344.8,0,0,0,0,0,0
2013-11-19T15:51:46,1,0x40,0x0,4433,21134820,103.03,4.67E-06,33.7,346.3,345.2,0,0,0,0,0,0
2013-11-19T15:52:46,1,0x40,0x0,4448,20712248,103.02,4.76E-06,33.7,345.6,344.8,0,0,0,0,0,0
2013-11-19T15:53:46,1,0x40,0x0,4463,22689378,103.02,4.36E-06,33.7,346.4,345.3,0,0,0,0,0,0
2013-11-19T15:54:46,1,0x40,0x0,4477,15217089,103.02,6.37E-06,33.7,346.4,345.3,0,0,0,0,0,0
2013-11-19T15:55:46,1,0x40,0x0,4492,19464044,103.02,5.05E-06,33.7,345.5,344.7,0,0,0,0,0,0
2013-11-19T15:56:46,1,0x40,0x0,4507,20985202,103.02,4.70E-06,33.7,346.3,345.3,0,0,0,0,0,0
2013-11-19T15:57:46,1,0x40,0x0,4522,16229720,103.01,6.00E-06,33.7,345.6,344.8,0,0,0,0,0,0
2013-11-19T15:58:46,1,0x40,0x0,4536,22735864,103.02,4.35E-06,33.7,346.3,345.2,0,0,0,0,0,0
2013-11-19T15:59:46,1,0x40,0x0,4551,20987202,103.01,4.70E-06,33.7,345.5,344.8,0,0,0,0,0,0
2013-11-19T16:00:46,1,0x40,0x0,4566,21452302,103.04,4.60E-06,33.7,346.4,345.3,0,0,0,0,0,0
2013-11-19T16:01:46,1,0x40,0x0,4580,16457132,103.03,5.92E-06,33.7,345.6,344.8,0,0,0,0,0,0
2013-11-19T16:02:46,1,0x40,0x0,4595,14416700,103.02,6.71E-06,33.7,345.5,344.8,0,0,0,0,0,0
2013-11-19T16:03:46,1,0x40,0x0,4610,21321994,103.02,4.63E-06,33.7,346.3,345.2,0,0,0,0,0,0
2013-11-19T16:04:46,1,0x40,0x0,4625,18972112,103.04,5.17E-06,33.7,345.6,344.8,0,0,0,0,0,0
2013-11-19T16:05:46,1,0x40,0x0,4639,10735112,103.02,8.82E-06,33.7,346.4,345.3,0,0,0,0,0,0
2013-11-19T16:06:46,1,0x40,0x0,4654,20286690,103.02,4.85E-06,33.7,345.5,344.7,0,0,0,0,0,0
2013-11-19T16:07:46,1,0x40,0x0,4669,22570754,103.02,4.38E-06,33.7,346.4,345.3,0,0,0,0,0,0
2013-11-19T16:08:46,1,0x40,0x0,4684,20673278,103.01,4.77E-06,33.7,345.6,344.8,0,0,0,0,0,0
2013-11-19T16:09:46,1,0x40,0x0,4698,22086484,103.02,4.47E-06,33.7,346.4,345.3,0,0,0,0,0,0
2013-11-19T16:10:46,1,0x40,0x0,4713,20302498,103.02,4.85E-06,33.7,345.6,344.8,0,0,0,0,0,0
2013-11-19T16:11:46,1,0x40,0x0,4728,17960208,103.02,5.45E-06,33.7,345.5,344.7,0,0,0,0,0,0
2013-11-19T16:12:46,1,0x40,0x0,4742,20835474,103.04,4.73E-06,33.7,346.3,345.2,0,0,0,0,0,0
2013-11-19T16:13:46,1,0x40,0x0,4757,18590130,103.02,5.27E-06,33.7,345.5,344.7,0,0,0,0,0,0
2013-11-19T16:14:46,1,0x40,0x0,4772,22145626,103.02,4.46E-06,33.7,346.4,345.3,0,0,0,0,0,0
2013-11-19T16:15:46,1,0x40,0x0,4787,18950914,103.04,5.18E-06,33.7,345.5,344.8,0,0,0,0,0,0
2013-11-19T16:16:46,1,0x40,0x0,4801,17033002,103.04,5.73E-06,33.7,346.2,345.2,0,0,0,0,0,0
2013-11-19T16:17:46,1,0x40,0x0,4816,17777146,103.03,5.50E-06,33.7,345.5,344.8,0,0,0,0,0,0
2013-11-19T16:18:46,1,0x40,0x0,4831,20296598,103.01,4.85E-06,33.7,346.4,345.3,0,0,0,0,0,0
2013-11-19T16:19:46,1,0x40,0x0,4846,20318280,103.01,4.84E-06,33.7,346.4,345.3,0,0,0,0,0,0
2013-11-19T16:20:46,1,0x40,0x0,4860,17496608,103.02,5.59E-06,33.7,345.5,344.7,0,0,0,0,0,0
2013-11-19T16:21:46,1,0x40,0x0,4875,18869608,103.02,5.20E-06,33.7,346.4,345.3,0,0,0,0,0,0
2013-11-19T16:22:46,1,0x40,0x0,4890,19567444,103.02,5.02E-06,33.7,345.5,344.7,0,0,0,0,0,0
2013-11-19T16:23:46,1,0x40,0x0,4904,21090988,103.02,4.68E-06,33.6,346.4,345.3,0,0,0,0,0,0
2013-11-19T16:24:46,1,0x40,0x0,4919,18880004,103.02,5.20E-06,33.6,345.6,344.8,0,0,0,0,0,0
2013-11-19T16:25:46,1,0x40,0x0,4934,20140924,103.02,4.89E-06,33.6,346.3,345.3,0,0,0,0,0,0
2013-11-19T16:26:46,1,0x40,0x0,4949,19449648,103.04,5.05E-06,33.6,345.5,344.8,0,0,0,0,0,0
2013-11-19T16:27:46,1,0x40,0x0,4963,21506282,103.03,4.59E-06,33.6,346.3,345.2,0,0,0,0,0,0
2013-11-19T16:28:46,1,0x40,0x0,4978,19797926,103.02,4.97E-06,33.6,346.3,345.2,0,0,0,0,0,0
2013-11-19T16:29:46,1,0x40,0x0,4993,19785590,103.02,4.97E-06,33.6,345.4,344.6,0,0,0,0,0,0
2013-11-19T16:30:46,1,0x40,0x0,5008,20132904,103.01,4.89E-06,33.6,346.2,345.1,0,0,0,0,0,0
2013-11-19T16:31:46,1,0x40,0x0,5022,19936766,103.02,4.93E-06,33.7,345.5,344.7,0,0,0,0,0,0
2013-11-19T16:32:46,1,0x40,0x0,5037,22539418,103.01,4.39E-06,33.7,346.2,345.2,0,0,0,0,0,0
2013-11-19T16:33:46,1,0x40,0x0,5052,20415576,103.01,4.82E-06,33.6,345.4,344.7,0,0,0,0,0,0
2013-11-19T16:34:46,1,0x40,0x0,5066,21833912,103.02,4.52E-06,33.6,346.4,345.3,0,0,0,0,0,0
2013-11-19T16:35:46,1,0x40,0x0,5081,19210688,103.01,5.11E-06,33.6,345.6,344.8,0,0,0,0,0,0
2013-11-19T16:36:46,1,0x40,0x0,5096,19380524,103.02,5.07E-06,33.6,345.6,344.8,0,0,0,0,0,0
2013-11-19T16:37:46,1,0x40,0x0,5111,22954146,103.02,4.31E-06,33.6,346.4,345.3,0,0,0,0,0,0
2013-11-19T16:38:46,1,0x40,0x0,5125,20218830,103.01,4.87E-06,33.6,345.6,344.8,0,0,0,0,0,0
2013-11-19T16:39:46,1,0x40,0x0,5140,23667420,103.02,4.19E-06,33.6,346.3,345.2,0,0,0,0,0,0
2013-11-19T16:40:46,1,0x40,0x0,5155,21078400,103.02,4.68E-06,33.6,345.5,344.8,0,0,0,0,0,0
2013-11-19T16:41:46,1,0x40,0x0,5170,23640104,103.02,4.19E-06,33.6,346.3,345.2,0,0,0,0,0,0
2013-11-19T16:42:46,1,0x40,0x0,5184,21455914,103.02,4.60E-06,33.6,345.5,344.7,0,0,0,0,0,0
2013-11-19T16:43:46,1,0x40,0x0,5199,23928310,103.02,4.14E-06,33.6,346.4,345.3,0,0,0,0,0,0
2013-11-19T16:44:46,1,0x40,0x0,5214,21178668,103.01,4.66E-06,33.6,345.5,344.8,0,0,0,0,0,0
2013-11-19T16:45:46,1,0x40,0x0,5228,21593956,103.02,4.57E-06,33.6,345.5,344.7,0,0,0,0,0,0
2013-11-19T16:46:46,1,0x40,0x0,5243,24889396,103.02,3.99E-06,33.6,346.3,345.2,0,0,0,0,0,0
2013-11-19T16:47:46,1,0x40,0x0,5258,21869850,103.01,4.52E-06,33.6,345.6,344.8,0,0,0,0,0,0
2013-11-19T16:48:46,1,0x40,0x0,5273,23380944,103.02,4.24E-06,33.6,346.4,345.3,0,0,0,0,0,0
2013-11-19T16:49:46,1,0x40,0x0,5287,21424618,103.03,4.61E-06,33.6,345.6,344.8,0,0,0,0,0,0
2013-11-19T16:50:46,1,0x40,0x0,5302,7965546,103.01,1.16E-05,33.6,346.3,345.2,0,0,0,0,0,0
2013-11-19T16:51:46,1,0x40,0x0,5317,18699126,103.04,5.25E-06,33.6,345.5,344.7,0,0,0,0,0,0
2013-11-19T16:52:46,1,0x40,0x0,5332,22144658,103.03,4.46E-06,33.6,346.3,345.2,0,0,0,0,0,0
2013-11-19T16:53:46,1,0x40,0x0,5346,22715044,103.02,4.35E-06,33.6,346.4,345.3,0,0,0,0,0,0
2013-11-19T16:54:46,1,0x40,0x0,5361,20913636,103.02,4.71E-06,33.6,345.5,344.7,0,0,0,0,0,0
2013-11-19T16:55:46,1,0x40,0x0,5376,23497902,103.02,4.22E-06,33.6,346.4,345.3,0,0,0,0,0,0
2013-11-19T16:56:46,1,0x40,0x0,5390,21481582,103.01,4.59E-06,33.6,345.6,344.8,0,0,0,0,0,0
2013-11-19T16:57:46,1,0x40,0x0,5405,23862384,103.02,4.15E-06,33.6,346.3,345.2,0,0,0,0,0,0
2013-11-19T16:58:46,1,0x40,0x0,5420,17675750,103,5.53E-06,33.6,345.6,344.8,0,0,0,0,0,0
2013-11-19T16:59:46,1,0x40,0x0,5435,22831278,103.03,4.33E-06,33.6,346.3,345.3,0,0,0,0,0,0
2013-11-19T17:00:46,1,0x40,0x0,5449,20000416,103.01,4.92E-06,33.6,345.5,344.8,0,0,0,0,0,0
2013-11-19T17:01:46,1,0x40,0x0,5464,23925560,103.02,4.14E-06,33.6,346.2,345.2,0,0,0,0,0,0
2013-11-19T17:02:46,1,0x40,0x0,5479,20915448,103.03,4.71E-06,33.6,346.3,345.3,0,0,0,0,0,0
2013-11-19T17:03:46,1,0x40,0x0,5494,21434642,103.01,4.60E-06,33.6,345.6,344.9,0,0,0,0,0,0
2013-11-19T17:04:46,1,0x40,0x0,5508,15872086,103.04,6.13E-06,33.6,346.3,345.2,0,0,0,0,0,0
2013-11-19T17:05:46,1,0x40,0x0,5523,19405720,103.04,5.06E-06,33.6,345.6,344.8,0,0,0,0,0,0
2013-11-19T17:06:46,1,0x40,0x0,5538,22523568,103.03,4.39E-06,33.6,346.3,345.2,0,0,0,0,0,0
2013-11-19T17:07:46,1,0x40,0x0,5552,20405476,103.02,4.83E-06,33.6,345.5,344.7,0,0,0,0,0,0
2013-11-19T17:08:46,1,0x40,0x0,5567,22972300,103.01,4.31E-06,33.6,346.3,345.3,0,0,0,0,0,0
2013-11-19T17:09:46,1,0x40,0x0,5582,20680050,103.01,4.76E-06,33.6,345.5,344.7,0,0,0,0,0,0
2013-11-19T17:10:46,1,0x40,0x0,5597,19518960,103.03,5.03E-06,33.6,345.6,344.8,0,0,0,0,0,0
2013-11-19T17:11:46,1,0x40,0x0,5611,15423198,103.03,6.29E-06,33.6,346.3,345.3,0,0,0,0,0,0
2013-11-19T17:12:46,1,0x40,0x0,5626,15329384,103.02,6.33E-06,33.6,345.6,344.8,0,0,0,0,0,0
2013-11-19T17:13:46,1,0x40,0x0,5641,17751080,103.02,5.51E-06,33.6,346.4,345.3,0,0,0,0,0,0
2013-11-19T17:14:46,1,0x40,0x0,5656,14081109,103.02,6.86E-06,33.6,345.6,344.8,0,0,0,0,0,0
2013-11-19T17:15:46,1,0x40,0x0,5670,17581082,103.01,5.56E-06,33.6,346.2,345.2,0,0,0,0,0,0
2013-11-19T17:16:46,1,0x40,0x0,5685,13664770,103.02,7.05E-06,33.6,345.5,344.7,0,0,0,0,0,0
2013-11-19T17:17:46,1,0x40,0x0,5700,19986046,103.04,4.92E-06,33.6,346.3,345.2,0,0,0,0,0,0
2013-11-19T17:18:46,1,0x40,0x0,5714,20858104,103.01,4.72E-06,33.6,345.6,344.8,0,0,0,0,0,0
2013-11-19T17:19:46,1,0x40,0x0,5729,20565940,103.01,4.79E-06,33.6,345.5,344.7,0,0,0,0,0,0
2013-11-19T17:20:46,1,0x40,0x0,5744,22267378,103.03,4.44E-06,33.6,346.3,345.2,0,0,0,0,0,0
2013-11-19T17:21:46,1,0x40,0x0,5759,15536277,103.01,6.25E-06,33.6,345.5,344.7,0,0,0,0,0,0
2013-11-19T17:22:46,1,0x40,0x0,5773,22691918,103.03,4.36E-06,33.6,346.4,345.3,0,0,0,0,0,0
2013-11-19T17:23:46,1,0x40,0x0,5788,21699626,103.02,4.55E-06,33.6,345.6,344.8,0,0,0,0,0,0
2013-11-19T17:24:46,1,0x40,0x0,5803,21856566,103.02,4.52E-06,33.6,346.4,345.3,0,0,0,0,0,0
2013-11-19T17:25:46,1,0x40,0x0,5818,19975862,103.02,4.92E-06,33.6,345.6,344.8,0,0,0,0,0,0
2013-11-19T17:26:46,1,0x40,0x0,5832,22595342,103.02,4.38E-06,33.6,346.4,345.3,0,0,0,0,0,0
2013-11-19T17:27:46,1,0x40,0x0,5847,23373108,103.03,4.24E-06,33.6,346.3,345.2,0,0,0,0,0,0
2013-11-19T17:28:46,1,0x40,0x0,5862,21486522,103.03,4.59E-06,33.6,345.5,344.7,0,0,0,0,0,0
2013-11-19T17:29:46,1,0x40,0x0,5876,22517452,103.03,4.39E-06,33.6,346.3,345.2,0,0,0,0,0,0
2013-11-19T17:30:46,1,0x40,0x0,5891,20658136,103.02,4.77E-06,33.6,345.6,344.8,0,0,0,0,0,0
2013-11-19T17:31:46,1,0x40,0x0,5906,22121228,103.02,4.47E-06,33.6,346.4,345.3,0,0,0,0,0,0
2013-11-19T17:32:46,1,0x40,0x0,5921,20427096,103.02,4.82E-06,33.6,345.5,344.7,0,0,0,0,0,0
2013-11-19T17:33:46,1,0x40,0x0,5935,24097702,103.02,4.11E-06,33.6,346.4,345.4,0,0,0,0,0,0
2013-11-19T17:34:46,1,0x40,0x0,5950,22123896,103.01,4.47E-06,33.6,345.6,344.8,0,0,0,0,0,0
2013-11-19T17:35:46,1,0x40,0x0,5965,24727208,103.02,4.01E-06,33.6,346.3,345.2,0,0,0,0,0,0
2013-11-19T17:36:46,1,0x40,0x0,5980,23697360,103.02,4.18E-06,33.6,346.3,345.2,0,0,0,0,0,0
2013-11-19T17:37:46,1,0x40,0x0,5994,21754824,103.01,4.54E-06,33.6,345.5,344.7,0,0,0,0,0,0
2013-11-19T17:38:46,1,0x40,0x0,6009,24398082,103.02,4.07E-06,33.6,346.3,345.2,0,0,0,0,0,0
2013-11-19T17:39:46,1,0x40,0x0,6024,22517934,103.02,4.39E-06,33.6,345.6,344.8,0,0,0,0,0,0
2013-11-19T17:40:46,1,0x40,0x0,6038,25121542,103.02,3.95E-06,33.6,346.3,345.2,0,0,0,0,0,0
2013-11-19T17:41:46,1,0x40,0x0,6053,21868442,103.04,4.52E-06,33.6,345.6,344.8,0,0,0,0,0,0
2013-11-19T17:42:46,1,0x40,0x0,6068,25016646,103.01,3.97E-06,33.6,346.3,345.2,0,0,0,0,0,0
2013-11-19T17:43:46,1,0x40,0x0,6083,22512160,103.03,4.39E-06,33.6,345.6,344.8,0,0,0,0,0,0
2013-11-19T17:44:46,1,0x40,0x0,6097,22931476,103.02,4.31E-06,33.6,345.5,344.7,0,0,0,0,0,0
2013-11-19T17:45:46,1,0x40,0x0,6112,25922926,103.02,3.83E-06,33.6,346.3,345.2,0,0,0,0,0,0
2013-11-19T17:46:46,1,0x40,0x0,6127,22453788,103.02,4.40E-06,33.6,345.6,344.8,0,0,0,0,0,0
2013-11-19T17:47:46,1,0x40,0x0,6142,25338110,103.02,3.92E-06,33.6,346.2,345.1,0,0,0,0,0,0
2013-11-19T17:48:46,1,0x40,0x0,6156,22626360,103.02,4.37E-06,33.6,345.6,344.8,0,0,0,0,0,0
2013-11-19T17:49:46,1,0x40,0x0,6171,25669710,103.02,3.87E-06,33.6,346.3,345.2,0,0,0,0,0,0
2013-11-19T17:50:46,1,0x40,0x0,6186,23093114,103.02,4.29E-06,33.6,345.5,344.7,0,0,0,0,0,0
2013-11-19T17:51:46,1,0x40,0x0,6200,26458014,103.02,3.76E-06,33.6,346.4,345.3,0,0,0,0,0,0
2013-11-19T17:52:46,1,0x40,0x0,6215,25753172,103.02,3.86E-06,33.6,346.4,345.3,0,0,0,0,0,0
2013-11-19T17:53:46,1,0x40,0x0,6230,23250952,103.02,4.26E-06,33.6,345.6,344.8,0,0,0,0,0,0
2013-11-19T17:54:46,1,0x40,0x0,6245,25647594,103.02,3.87E-06,33.6,346.3,345.2,0,0,0,0,0,0
2013-11-19T17:55:46,1,0x40,0x0,6259,22987502,103.02,4.30E-06,33.6,345.5,344.8,0,0,0,0,0,0
2013-11-19T17:56:46,1,0x40,0x0,6274,26787290,103.02,3.71E-06,33.6,346.3,345.2,0,0,0,0,0,0
2013-11-19T17:57:46,1,0x40,0x0,6289,17003608,103.02,5.74E-06,33.6,345.5,344.8,0,0,0,0,0,0
2013-11-19T17:58:46,1,0x40,0x0,6304,21826614,103.02,4.52E-06,33.6,346.3,345.3,0,0,0,0,0,0
2013-11-19T17:59:46,1,0x40,0x0,6318,21377800,103.02,4.62E-06,33.6,345.5,344.7,0,0,0,0,0,0
2013-11-19T18:00:46,1,0x40,0x0,6333,24621722,103.02,4.03E-06,33.6,346.2,345.2,0,0,0,0,0,0
2013-11-19T18:01:46,1,0x40,0x0,6348,25690002,103.02,3.87E-06,33.6,346.3,345.2,0,0,0,0,0,0
2013-11-19T18:02:46,1,0x40,0x0,6362,23088656,103.02,4.29E-06,33.6,345.5,344.7,0,0,0,0,0,0
2013-11-19T18:03:46,1,0x40,0x0,6377,25281892,103.02,3.93E-06,33.6,346.4,345.3,0,0,0,0,0,0
2013-11-19T18:04:46,1,0x40,0x0,6392,21577782,103.02,4.57E-06,33.6,345.5,344.8,0,0,0,0,0,0
2013-11-19T18:05:46,1,0x40,0x0,6407,24783222,103.02,4.00E-06,33.6,346.4,345.3,0,0,0,0,0,0
2013-11-19T18:06:46,1,0x40,0x0,6421,22130112,103.02,4.46E-06,33.6,345.6,344.8,0,0,0,0,0,0
2013-11-19T18:07:46,1,0x40,0x0,6436,26160870,103.02,3.80E-06,33.6,346.4,345.3,0,0,0,0,0,0
2013-11-19T18:08:46,1,0x40,0x0,6451,23362148,103.02,4.24E-06,33.6,345.6,344.8,0,0,0,0,0,0
2013-11-19T18:09:46,1,0x40,0x0,6466,23191754,103.02,4.27E-06,33.6,345.5,344.7,0,0,0,0,0,0
2013-11-19T18:10:46,1,0x40,0x0,6480,25951328,103.02,3.83E-06,33.6,346.4,345.3,0,0,0,0,0,0
2013-11-19T18:11:46,1,0x40,0x0,6495,22777176,103.02,4.34E-06,33.6,345.5,344.7,0,0,0,0,0,0
2013-11-19T18:12:46,1,0x40,0x0,6510,25008286,103.02,3.97E-06,33.6,346.3,345.2,0,0,0,0,0,0
2013-11-19T18:13:46,1,0x40,0x0,6524,23052548,103.02,4.29E-06,33.6,345.6,344.8,0,0,0,0,0,0
2013-11-19T18:14:46,1,0x40,0x0,6539,25635668,103.02,3.88E-06,33.6,346.4,345.3,0,0,0,0,0,0
2013-11-19T18:15:46,1,0x40,0x0,6554,23581186,103.02,4.20E-06,33.6,345.6,344.8,0,0,0,0,0,0
2013-11-19T18:16:46,1,0x40,0x0,6569,26656218,103.02,3.73E-06,33.6,346.3,345.2,0,0,0,0,0,0
2013-11-19T18:17:46,1,0x40,0x0,6583,23080574,103.02,4.29E-06,33.6,345.5,344.7,0,0,0,0,0,0
2013-11-19T18:18:46,1,0x40,0x0,6598,23310620,103.02,4.25E-06,33.6,345.6,344.8,0,0,0,0,0,0
2013-11-19T18:19:46,1,0x40,0x0,6613,26230704,103.02,3.79E-06,33.6,346.3,345.3,0,0,0,0,0,0
2013-11-19T18:20:46,1,0x40,0x0,6628,23881534,103.02,4.15E-06,33.6,345.6,344.8,0,0,0,0,0,0
2013-11-19T18:21:46,1,0x40,0x0,6642,26941486,103.02,3.69E-06,33.6,346.3,345.2,0,0,0,0,0,0
2013-11-19T18:22:46,1,0x40,0x0,6657,24111312,103.02,4.11E-06,33.6,345.6,344.9,0,0,0,0,0,0
2013-11-19T18:23:46,1,0x40,0x0,6672,27496716,103.02,3.62E-06,33.6,346.3,345.2,0,0,0,0,0,0
2013-11-19T18:24:46,1,0x40,0x0,6686,23309338,103.02,4.25E-06,33.6,345.5,344.7,0,0,0,0,0,0
2013-11-19T18:25:46,1,0x40,0x0,6701,24099682,103.03,4.11E-06,33.6,346.3,345.2,0,0,0,0,0,0
2013-11-19T18:26:46,1,0x40,0x0,6716,23061504,103.02,4.29E-06,33.6,346.3,345.2,0,0,0,0,0,0
2013-11-19T18:27:46,1,0x40,0x0,6731,18887474,103.02,5.19E-06,33.6,345.6,344.8,0,0,0,0,0,0
2013-11-19T18:28:46,1,0x40,0x0,6745,18143638,103.02,5.40E-06,33.6,346.3,345.2,0,0,0,0,0,0
2013-11-19T18:29:46,1,0x40,0x0,6760,16283088,103.02,5.98E-06,33.6,345.6,344.8,0,0,0,0,0,0
2013-11-19T18:30:46,1,0x40,0x0,6775,17725060,103.02,5.52E-06,33.6,346.3,345.3,0,0,0,0,0,0
2013-11-19T18:31:46,1,0x40,0x0,6790,18346812,103.02,5.34E-06,33.6,345.5,344.8,0,0,0,0,0,0
2013-11-19T18:32:46,1,0x40,0x0,6804,17993246,103.02,5.44E-06,33.6,346.3,345.2,0,0,0,0,0,0
2013-11-19T18:33:46,1,0x40,0x0,6819,16409528,103.02,5.94E-06,33.6,345.6,344.8,0,0,0,0,0,0
2013-11-19T18:34:46,1,0x40,0x0,6834,17895100,103.02,5.47E-06,33.6,346.3,345.2,0,0,0,0,0,0
2013-11-19T18:35:46,1,0x40,0x0,6848,17470212,103.02,5.59E-06,33.6,346.3,345.2,0,0,0,0,0,0
2013-11-19T18:36:46,1,0x40,0x0,6863,16221786,103.02,6.00E-06,33.6,345.6,344.8,0,0,0,0,0,0
2013-11-19T18:37:46,1,0x40,0x0,6878,16944028,103.02,5.76E-06,33.6,346.3,345.3,0,0,0,0,0,0
2013-11-19T18:38:46,1,0x40,0x0,6893,16072710,103.02,6.05E-06,33.6,345.6,344.8,0,0,0,0,0,0
2013-11-19T18:39:46,1,0x40,0x0,6907,18013888,103.02,5.43E-06,33.6,346.4,345.3,0,0,0,0,0,0
2013-11-19T18:40:46,1,0x40,0x0,6922,16360704,103.02,5.95E-06,33.6,345.4,344.6,0,0,0,0,0,0
2013-11-19T18:41:46,1,0x40,0x0,6937,17569658,103.02,5.56E-06,33.6,346.4,345.3,0,0,0,0,0,0
2013-11-19T18:42:46,1,0x40,0x0,6952,16315374,103.02,5.97E-06,33.6,345.6,344.8,0,0,0,0,0,0
2013-11-19T18:43:46,1,0x40,0x0,6966,16042108,103.02,6.06E-06,33.6,345.5,344.7,0,0,0,0,0,0
2013-11-19T18:44:46,1,0x40,0x0,6981,18344098,103.02,5.34E-06,33.6,346.3,345.2,0,0,0,0,0,0
2013-11-19T18:45:46,1,0x40,0x0,6996,15955402,103.02,6.10E-06,33.6,345.6,344.8,0,0,0,0,0,0
2013-11-19T18:46:46,1,0x40,0x0,7010,17537910,103.02,5.57E-06,33.6,346.3,345.2,0,0,0,0,0,0
2013-11-19T18:47:46,1,0x40,0x0,7025,15488694,103.02,6.27E-06,33.6,345.5,344.7,0,0,0,0,0,0
2013-11-19T18:48:46,1,0x40,0x0,7040,17743320,103.02,5.51E-06,33.6,346.3,345.2,0,0,0,0,0,0
2013-11-19T18:49:46,1,0x40,0x0,7055,16428884,103.02,5.93E-06,33.6,345.5,344.7,0,0,0,0,0,0
2013-11-19T18:50:46,1,0x40,0x0,7069,19101912,103.02,5.14E-06,33.6,346.3,345.2,0,0,0,0,0,0
2013-11-19T18:51:46,1,0x40,0x0,7084,19358834,103.02,5.07E-06,33.6,346.2,345.1,0,0,0,0,0,0
2013-11-19T18:52:46,1,0x40,0x0,7099,19729246,103.02,4.98E-06,33.6,345.6,344.8,0,0,0,0,0,0
2013-11-19T18:53:46,1,0x40,0x0,7114,21096010,103.02,4.67E-06,33.6,346.3,345.2,0,0,0,0,0,0
2013-11-19T18:54:46,1,0x40,0x0,7128,17858386,103.02,5.48E-06,33.6,345.5,344.8,0,0,0,0,0,0
2013-11-19T18:55:46,1,0x40,0x0,7143,19895530,103.02,4.94E-06,33.6,346.3,345.3,0,0,0,0,0,0
2013-11-19T18:56:46,1,0x40,0x0,7158,17575242,103.02,5.56E-06,33.6,345.6,344.8,0,0,0,0,0,0
2013-11-19T18:57:46,1,0x40,0x0,7172,19650130,103.02,5.00E-06,33.5,346.3,345.2,0,0,0,0,0,0
2013-11-19T18:58:46,1,0x40,0x0,7187,18985182,103.02,5.17E-06,33.5,345.6,344.8,0,0,0,0,0,0
2013-11-19T18:59:46,1,0x40,0x0,7202,22465950,103.02,4.40E-06,33.5,346.3,345.2,0,0,0,0,0,0
2013-11-19T19:00:46,1,0x40,0x0,7217,24078200,103.02,4.12E-06,33.5,346.3,345.2,0,0,0,0,0,0
2013-11-19T19:01:46,1,0x40,0x0,7231,19917704,103.02,4.94E-06,33.5,345.5,344.7,0,0,0,0,0,0
2013-11-19T19:02:46,1,0x40,0x0,7246,22828246,103.02,4.33E-06,33.5,346.4,345.3,0,0,0,0,0,0
2013-11-19T19:03:46,1,0x40,0x0,7261,18439916,103.02,5.31E-06,33.5,345.5,344.7,0,0,0,0,0,0
2013-11-19T19:04:46,1,0x40,0x0,7276,18452862,103.02,5.31E-06,33.5,346.3,345.2,0,0,0,0,0,0
2013-11-19T19:05:46,1,0x40,0x0,7290,17644222,103.02,5.54E-06,33.5,345.6,344.9,0,0,0,0,0,0
2013-11-19T19:06:46,1,0x40,0x0,7305,20016438,103.02,4.92E-06,33.5,346.4,345.3,0,0,0,0,0,0
2013-11-19T19:07:46,1,0x40,0x0,7320,18365288,103.02,5.34E-06,33.5,345.6,344.9,0,0,0,0,0,0
2013-11-19T19:08:46,1,0x40,0x0,7334,18668032,103.02,5.25E-06,33.5,345.6,344.8,0,0,0,0,0,0
2013-11-19T19:09:46,1,0x40,0x0,7349,21156716,103.02,4.66E-06,33.5,346.3,345.2,0,0,0,0,0,0
2013-11-19T19:10:46,1,0x40,0x0,7364,18858570,103.02,5.20E-06,33.5,345.6,344.9,0,0,0,0,0,0
2013-11-19T19:11:46,1,0x40,0x0,7379,21653138,103.02,4.56E-06,33.5,346.4,345.3,0,0,0,0,0,0
2013-11-19T19:12:46,1,0x40,0x0,7393,19540604,103.02,5.03E-06,33.5,345.5,344.7,0,0,0,0,0,0
2013-11-19T19:13:46,1,0x40,0x0,7408,21824438,103.02,4.52E-06,33.5,346.2,345.2,0,0,0,0,0,0
2013-11-19T19:14:46,1,0x40,0x0,7423,18683706,103.02,5.25E-06,33.5,345.5,344.7,0,0,0,0,0,0
2013-11-19T19:15:46,1,0x40,0x0,7438,20808972,103.02,4.74E-06,33.5,346.3,345.2,0,0,0,0,0,0
2013-11-19T19:16:46,1,0x40,0x0,7452,18982242,103.02,5.17E-06,33.5,345.6,344.8,0,0,0,0,0,0
2013-11-19T19:17:46,1,0x40,0x0,7467,19278990,103.02,5.09E-06,33.5,345.5,344.7,0,0,0,0,0,0
2013-11-19T19:18:46,1,0x40,0x0,7482,21117368,103.02,4.67E-06,33.5,346.4,345.3,0,0,0,0,0,0
2013-11-19T19:19:46,1,0x40,0x0,7496,19234984,103.02,5.11E-06,33.5,345.6,344.8,0,0,0,0,0,0
2013-11-19T19:20:46,1,0x40,0x0,7511,21083082,103.02,4.68E-06,33.5,346.3,345.2,0,0,0,0,0,0
2013-11-19T19:21:46,1,0x40,0x0,7526,17273266,103.02,5.66E-06,33.5,345.6,344.8,0,0,0,0,0,0
2013-11-19T19:22:46,1,0x40,0x0,7541,20610986,103.02,4.78E-06,33.5,346.4,345.3,0,0,0,0,0,0
2013-11-19T19:23:46,1,0x40,0x0,7555,17915196,103.01,5.46E-06,33.5,345.6,344.8,0,0,0,0,0,0
2013-11-19T19:24:46,1,0x40,0x0,7570,19675806,103.02,5.00E-06,33.5,346.4,345.3,0,0,0,0,0,0
2013-11-19T19:25:46,1,0x40,0x0,7585,18853830,103.02,5.20E-06,33.5,346.4,345.3,0,0,0,0,0,0
2013-11-19T19:26:46,1,0x40,0x0,7600,17680020,103.02,5.53E-06,33.5,345.6,344.8,0,0,0,0,0,0
2013-11-19T19:27:46,1,0x40,0x0,7614,19231364,103.02,5.11E-06,33.5,346.4,345.4,0,0,0,0,0,0
2013-11-19T19:28:46,1,0x40,0x0,7629,16946790,103.02,5.76E-06,33.5,345.5,344.8,0,0,0,0,0,0
2013-11-19T19:29:46,1,0x40,0x0,7644,21197290,103.02,4.65E-06,33.5,346.3,345.2,0,0,0,0,0,0
2013-11-19T19:30:46,1,0x40,0x0,7658,21986394,103.02,4.49E-06,33.5,345.6,344.8,0,0,0,0,0,0
2013-11-19T19:31:46,1,0x40,0x0,7673,22668724,103.02,4.36E-06,33.5,346.3,345.2,0,0,0,0,0,0
2013-11-19T19:32:46,1,0x40,0x0,7688,18535382,103.02,5.29E-06,33.5,345.4,344.6,0,0,0,0,0,0
2013-11-19T19:33:46,1,0x40,0x0,7703,20556888,103.02,4.79E-06,33.5,346.4,345.3,0,0,0,0,0,0
2013-11-19T19:34:46,1,0x40,0x0,7717,19288984,103.02,5.09E-06,33.5,346.4,345.3,0,0,0,0,0,0
2013-11-19T19:35:46,1,0x40,0x0,7732,16488378,103.02,5.91E-06,33.5,345.4,344.7,0,0,0,0,0,0
2013-11-19T19:36:46,1,0x40,0x0,7747,18338316,103.02,5.34E-06,33.5,346.4,345.3,0,0,0,0,0,0
2013-11-19T19:37:46,1,0x40,0x0,7762,16520760,103.02,5.90E-06,33.5,345.6,344.8,0,0,0,0,0,0
2013-11-19T19:38:46,1,0x40,0x0,7776,18562766,103.02,5.28E-06,33.5,346.3,345.2,0,0,0,0,0,0
2013-11-19T19:39:46,1,0x40,0x0,7791,17192218,103.02,5.68E-06,33.5,345.6,344.8,0,0,0,0,0,0
2013-11-19T19:40:46,1,0x40,0x0,7806,19116304,103.02,5.14E-06,33.5,346.3,345.2,0,0,0,0,0,0
2013-11-19T19:41:46,1,0x40,0x0,7820,18419864,103.02,5.32E-06,33.5,345.5,344.7,0,0,0,0,0,0
2013-11-19T19:42:46,1,0x40,0x0,7835,20153110,103.02,4.88E-06,33.5,345.6,344.8,0,0,0,0,0,0
2013-11-19T19:43:46,1,0x40,0x0,7850,23361978,103.02,4.24E-06,33.5,346.4,345.3,0,0,0,0,0,0
2013-11-19T19:44:46,1,0x40,0x0,7865,20287306,103.02,4.85E-06,33.5,345.5,344.7,0,0,0,0,0,0
2013-11-19T19:45:46,1,0x40,0x0,7879,21324566,103.02,4.63E-06,33.5,346.3,345.2,0,0,0,0,0,0
2013-11-19T19:46:46,1,0x40,0x0,7894,20044598,103.02,4.91E-06,33.5,345.6,344.8,0,0,0,0,0,0
2013-11-19T19:47:46,1,0x40,0x0,7909,22227668,103.02,4.45E-06,33.5,346.3,345.2,0,0,0,0,0,0
2013-11-19T19:48:46,1,0x40,0x0,7924,19885566,103.02,4.95E-06,33.5,345.5,344.7,0,0,0,0,0,0
2013-11-19T19:49:46,1,0x40,0x0,7938,21756456,103.02,4.54E-06,33.5,346.3,345.3,0,0,0,0,0,0
2013-11-19T19:50:46,1,0x40,0x0,7953,20224970,103.02,4.87E-06,33.5,345.6,344.8,0,0,0,0,0,0
2013-11-19T19:51:46,1,0x40,0x0,7968,19257616,103.02,5.10E-06,33.5,345.5,344.7,0,0,0,0,0,0
2013-11-19T19:52:46,1,0x40,0x0,7982,19054734,103.02,5.15E-06,33.5,346.3,345.3,0,0,0,0,0,0
2013-11-19T19:53:46,1,0x40,0x0,7997,16932424,103.02,5.76E-06,33.5,345.4,344.7,0,0,0,0,0,0
2013-11-19T19:54:46,1,0x40,0x0,8012,18397220,103.02,5.33E-06,33.5,346.4,345.3,0,0,0,0,0,0
2013-11-19T19:55:46,1,0x40,0x0,8027,16564300,103.02,5.88E-06,33.5,345.5,344.7,0,0,0,0,0,0
2013-11-19T19:56:46,1,0x40,0x0,8041,16359594,103.02,5.95E-06,33.5,346.4,345.3,0,0,0,0,0,0
2013-11-19T19:57:46,1,0x40,0x0,8056,16568690,103.02,5.88E-06,33.5,345.6,344.9,0,0,0,0,0,0
2013-11-19T19:58:46,1,0x40,0x0,8071,17311840,103.02,5.64E-06,33.5,346.3,345.2,0,0,0,0,0,0
2013-11-19T19:59:46,1,0x40,0x0,8086,16258734,103.02,5.99E-06,33.5,346.3,345.3,0,0,0,0,0,0
2013-11-19T20:00:46,1,0x40,0x0,8100,14951787,103.02,6.48E-06,33.5,345.6,344.8,0,0,0,0,0,0
2013-11-19T20:01:46,1,0x40,0x0,8115,14863910,103.01,6.52E-06,33.5,346.3,345.2,0,0,0,0,0,0
2013-11-19T20:02:46,1,0x40,0x0,8130,13521769,103.02,7.12E-06,33.5,345.6,344.8,0,0,0,0,0,0
2013-11-19T20:03:46,1,0x40,0x0,8144,14546889,103.02,6.65E-06,33.5,346.3,345.2,0,0,0,0,0,0
2013-11-19T20:04:46,1,0x40,0x0,8159,12263576,103.02,7.80E-06,33.5,345.6,344.8,0,0,0,0,0,0
2013-11-19T20:05:46,1,0x40,0x0,8174,11585723,103.02,8.22E-06,33.5,346.3,345.2,0,0,0,0,0,0
2013-11-19T20:06:46,1,0x40,0x0,8189,12148612,103.02,7.87E-06,33.5,345.5,344.7,0,0,0,0,0,0
2013-11-19T20:07:46,1,0x40,0x0,8203,15405022,103.02,6.30E-06,33.5,346.4,345.3,0,0,0,0,0,0
2013-11-19T20:08:46,1,0x40,0x0,8218,14491125,103.02,6.67E-06,33.5,346.3,345.2,0,0,0,0,0,0
2013-11-19T20:09:46,1,0x40,0x0,8233,14383928,103.02,6.72E-06,33.5,345.6,344.9,0,0,0,0,0,0
2013-11-19T20:10:46,1,0x40,0x0,8248,15175059,103.02,6.39E-06,33.5,346.4,345.3,0,0,0,0,0,0
2013-11-19T20:11:46,1,0x40,0x0,8262,12938791,103.02,7.42E-06,33.5,345.5,344.7,0,0,0,0,0,0
2013-11-19T20:12:46,1,0x40,0x0,8277,14765552,103.02,6.56E-06,33.5,346.2,345.2,0,0,0,0,0,0
2013-11-19T20:13:46,1,0x40,0x0,8292,15174418,103.02,6.39E-06,33.5,345.5,344.7,0,0,0,0,0,0
2013-11-19T20:14:46,1,0x40,0x0,8306,19629006,103.02,5.01E-06,33.5,346.3,345.3,0,0,0,0,0,0
2013-11-19T20:15:46,1,0x40,0x0,8321,20731942,103.02,4.75E-06,33.5,345.6,344.8,0,0,0,0,0,0
2013-11-19T20:16:46,1,0x40,0x0,8336,22120570,103.02,4.47E-06,33.5,345.5,344.7,0,0,0,0,0,0
2013-11-19T20:17:46,1,0x40,0x0,8351,27885870,103.02,3.57E-06,33.5,346.3,345.2,0,0,0,0,0,0
2013-11-19T20:18:46,1,0x40,0x0,8365,24923864,103.02,3.98E-06,33.5,345.6,344.8,0,0,0,0,0,0
2013-11-19T20:19:46,1,0x40,0x0,8380,28883276,103.02,3.45E-06,33.5,346.3,345.2,0,0,0,0,0,0
2013-11-19T20:20:46,1,0x40,0x0,8395,23251676,103.02,4.26E-06,33.5,345.6,344.8,0,0,0,0,0,0
2013-11-19T20:21:46,1,0x40,0x0,8410,27700208,103.02,3.60E-06,33.5,346.3,345.2,0,0,0,0,0,0
2013-11-19T20:22:46,1,0x40,0x0,8424,27186962,103.02,3.66E-06,33.5,345.6,344.8,0,0,0,0,0,0
2013-11-19T20:23:46,1,0x40,0x0,8439,30862588,103.02,3.24E-06,33.5,346.4,345.3,0,0,0,0,0,0
2013-11-19T20:24:46,1,0x40,0x0,8454,29487798,103.01,3.39E-06,33.5,346.3,345.2,0,0,0,0,0,0
2013-11-19T20:25:46,1,0x40,0x0,8468,25912546,103.01,3.84E-06,33.5,345.6,344.8,0,0,0,0,0,0
2013-11-19T20:26:46,1,0x40,0x0,8483,29652102,103.01,3.37E-06,33.5,346.3,345.2,0,0,0,0,0,0
2013-11-19T20:27:46,1,0x40,0x0,8498,26785964,103.02,3.72E-06,33.5,345.5,344.7,0,0,0,0,0,0
2013-11-19T20:28:46,1,0x40,0x0,8513,29861272,103.02,3.34E-06,33.5,346.4,345.3,0,0,0,0,0,0
2013-11-19T20:29:46,1,0x40,0x0,8527,26323228,103.02,3.78E-06,33.5,345.5,344.7,0,0,0,0,0,0
2013-11-19T20:30:46,1,0x40,0x0,8542,29491072,103.02,3.38E-06,33.5,346.3,345.2,0,0,0,0,0,0
2013-11-19T20:31:46,1,0x40,0x0,8557,25133362,103.01,3.95E-06,33.5,345.5,344.7,0,0,0,0,0,0
2013-11-19T20:32:46,1,0x40,0x0,8572,28996020,103.01,3.44E-06,33.5,346.4,345.3,0,0,0,0,0,0
2013-11-19T20:33:46,1,0x40,0x0,8586,30341000,103.02,3.29E-06,33.5,346.3,345.2,0,0,0,0,0,0
2013-11-19T20:34:46,1,0x40,0x0,8601,26074796,103.01,3.81E-06,33.5,345.6,344.8,0,0,0,0,0,0
2013-11-19T20:35:46,1,0x40,0x0,8616,28251034,103.02,3.53E-06,33.5,346.4,345.3,0,0,0,0,0,0
2013-11-19T20:36:46,1,0x40,0x0,8630,25793278,103.01,3.85E-06,33.5,345.5,344.7,0,0,0,0,0,0
2013-11-19T20:37:46,1,0x40,0x0,8645,30120826,103.02,3.32E-06,33.5,346.3,345.2,0,0,0,0,0,0
2013-11-19T20:38:46,1,0x40,0x0,8660,26432256,103.02,3.76E-06,33.5,345.6,344.8,0,0,0,0,0,0
2013-11-19T20:39:46,1,0x40,0x0,8675,29240778,103.02,3.41E-06,33.5,346.4,345.3,0,0,0,0,0,0
2013-11-19T20:40:46,1,0x40,0x0,8689,25261284,103.02,3.93E-06,33.5,345.6,344.9,0,0,0,0,0,0
2013-11-19T20:41:46,1,0x40,0x0,8704,24929976,103.02,3.98E-06,33.5,345.5,344.7,0,0,0,0,0,0
2013-11-19T20:42:46,1,0x40,0x0,8719,28245064,103.02,3.53E-06,33.5,346.3,345.2,0,0,0,0,0,0
2013-11-19T20:43:46,1,0x40,0x0,8734,25100266,103.02,3.96E-06,33.5,345.6,344.8,0,0,0,0,0,0
2013-11-19T20:44:46,1,0x40,0x0,8748,28422840,103.02,3.51E-06,33.5,346.3,345.2,0,0,0,0,0,0
2013-11-19T20:45:46,1,0x40,0x0,8763,25232002,103.02,3.94E-06,33.5,345.5,344.7,0,0,0,0,0,0
2013-11-19T20:46:46,1,0x40,0x0,8778,29559574,103.02,3.38E-06,33.5,346.4,345.3,0,0,0,0,0,0
2013-11-19T20:47:46,1,0x40,0x0,8792,24392094,103.01,4.07E-06,33.5,345.5,344.7,0,0,0,0,0,0
2013-11-19T20:48:46,1,0x40,0x0,8807,28551526,103.02,3.49E-06,33.5,346.4,345.3,0,0,0,0,0,0
2013-11-19T20:49:46,1,0x40,0x0,8822,26609848,103.02,3.74E-06,33.5,345.6,344.8,0,0,0,0,0,0
2013-11-19T20:50:46,1,0x40,0x0,8837,25765608,103.01,3.86E-06,33.5,345.5,344.7,0,0,0,0,0,0
2013-11-19T20:51:46,1,0x40,0x0,8851,28881742,103.02,3.45E-06,33.5,346.3,345.2,0,0,0,0,0,0
2013-11-19T20:52:46,1,0x40,0x0,8866,26194270,103.02,3.80E-06,33.5,345.5,344.7,0,0,0,0,0,0
2013-11-19T20:53:46,1,0x40,0x0,8881,28729396,103.01,3.47E-06,33.5,346.4,345.3,0,0,0,0,0,0
2013-11-19T20:54:46,1,0x40,0x0,8896,26140178,103.01,3.80E-06,33.5,345.5,344.7,0,0,0,0,0,0
2013-11-19T20:55:46,1,0x40,0x0,8910,30679892,103.02,3.26E-06,33.5,346.4,345.3,0,0,0,0,0,0
2013-11-19T20:56:46,1,0x40,0x0,8925,26811226,103.02,3.71E-06,33.5,345.5,344.7,0,0,0,0,0,0
2013-11-19T20:57:46,1,0x40,0x0,8940,30460754,103.01,3.28E-06,33.5,346.3,345.2,0,0,0,0,0,0
2013-11-19T20:58:46,1,0x40,0x0,8954,27487170,103.02,3.62E-06,33.5,346.3,345.2,0,0,0,0,0,0
2013-11-19T20:59:46,1,0x40,0x0,8969,27423878,103.02,3.63E-06,33.5,345.6,344.8,0,0,0,0,0,0
2013-11-19T21:00:46,1,0x40,0x0,8984,30470030,103.02,3.28E-06,33.5,346.2,345.2,0,0,0,0,0,0
2013-11-19T21:01:46,1,0x40,0x0,8999,26849300,103.02,3.71E-06,33.5,345.6,344.8,0,0,0,0,0,0
2013-11-19T21:02:46,1,0x40,0x0,9013,29546722,103.02,3.38E-06,33.5,346.3,345.2,0,0,0,0,0,0
2013-11-19T21:03:46,1,0x40,0x0,9028,26768136,103.02,3.72E-06,33.5,345.5,344.7,0,0,0,0,0,0
2013-11-19T21:04:46,1,0x40,0x0,9043,30543002,103.01,3.27E-06,33.5,346.4,345.3,0,0,0,0,0,0
2013-11-19T21:05:46,1,0x40,0x0,9058,27397488,103.02,3.63E-06,33.5,345.6,344.8,0,0,0,0,0,0
2013-11-19T21:06:46,1,0x40,0x0,9072,31194318,103.02,3.21E-06,33.5,346.3,345.2,0,0,0,0,0,0
2013-11-19T21:07:46,1,0x40,0x0,9087,30490988,103.02,3.28E-06,33.5,346.3,345.2,0,0,0,0,0,0
2013-11-19T21:08:46,1,0x40,0x0,9102,26742574,103.02,3.72E-06,33.5,345.5,344.7,0,0,0,0,0,0
2013-11-19T21:09:46,1,0x40,0x0,9116,29990392,103.02,3.33E-06,33.5,346.4,345.3,0,0,0,0,0,0
2013-11-19T21:10:46,1,0x40,0x0,9131,26481914,103.02,3.76E-06,33.5,345.6,344.8,0,0,0,0,0,0
2013-11-19T21:11:46,1,0x40,0x0,9146,29615246,103.02,3.37E-06,33.5,346.4,345.3,0,0,0,0,0,0
2013-11-19T21:12:46,1,0x40,0x0,9161,25247736,103.02,3.93E-06,33.5,345.6,344.8,0,0,0,0,0,0
2013-11-19T21:13:46,1,0x40,0x0,9175,28780006,103.02,3.47E-06,33.5,346.4,345.3,0,0,0,0,0,0
2013-11-19T21:14:46,1,0x40,0x0,9190,26052116,103.01,3.82E-06,33.5,345.6,344.8,0,0,0,0,0,0
2013-11-19T21:15:46,1,0x40,0x0,9205,25641708,103.01,3.87E-06,33.5,345.5,344.7,0,0,0,0,0,0
2013-11-19T21:16:46,1,0x40,0x0,9220,30959502,103.02,3.23E-06,33.5,346.3,345.2,0,0,0,0,0,0
2013-11-19T21:17:46,1,0x40,0x0,9234,27240770,103.02,3.66E-06,33.5,345.5,344.7,0,0,0,0,0,0
2013-11-19T21:18:46,1,0x40,0x0,9249,30721912,103.02,3.25E-06,33.5,346.4,345.3,0,0,0,0,0,0
2013-11-19T21:19:46,1,0x40,0x0,9264,26740494,103.02,3.72E-06,33.5,345.5,344.7,0,0,0,0,0,0
2013-11-19T21:20:46,1,0x40,0x0,9278,31003512,103.02,3.22E-06,33.5,346.3,345.2,0,0,0,0,0,0
2013-11-19T21:21:46,1,0x40,0x0,9293,27608172,103.02,3.61E-06,33.5,345.5,344.7,0,0,0,0,0,0
2013-11-19T21:22:46,1,0x40,0x0,9308,31785654,103.02,3.15E-06,33.5,346.4,345.3,0,0,0,0,0,0
2013-11-19T21:23:46,1,0x40,0x0,9323,30754600,103.02,3.25E-06,33.5,346.4,345.3,0,0,0,0,0,0
2013-11-19T21:24:46,1,0x40,0x0,9337,27340686,103.02,3.64E-06,33.5,345.5,344.7,0,0,0,0,0,0
2013-11-19T21:25:46,1,0x40,0x0,9352,31227488,103.02,3.20E-06,33.5,346.3,345.2,0,0,0,0,0,0
2013-11-19T21:26:46,1,0x40,0x0,9367,27091784,103.02,3.67E-06,33.5,345.6,344.8,0,0,0,0,0,0
2013-11-19T21:27:46,1,0x40,0x0,9382,31545800,103.02,3.17E-06,33.5,346.4,345.3,0,0,0,0,0,0
2013-11-19T21:28:46,1,0x40,0x0,9396,26461694,103.02,3.76E-06,33.5,345.5,344.7,0,0,0,0,0,0
2013-11-19T21:29:46,1,0x40,0x0,9411,28638520,103.02,3.48E-06,33.5,346.4,345.3,0,0,0,0,0,0
2013-11-19T21:30:46,1,0x40,0x0,9426,26531752,103.02,3.75E-06,33.5,345.5,344.7,0,0,0,0,0,0
2013-11-19T21:31:46,1,0x40,0x0,9440,29861686,103.01,3.34E-06,33.5,346.4,345.3,0,0,0,0,0,0
2013-11-19T21:32:46,1,0x40,0x0,9455,30774948,103.02,3.25E-06,33.5,346.4,345.3,0,0,0,0,0,0
2013-11-19T21:33:46,1,0x40,0x0,9470,27102274,103.01,3.67E-06,33.5,345.5,344.7,0,0,0,0,0,0
2013-11-19T21:34:46,1,0x40,0x0,9485,31387180,103.01,3.19E-06,33.5,346.4,345.3,0,0,0,0,0,0
2013-11-19T21:35:46,1,0x40,0x0,9499,27194972,103.02,3.66E-06,33.5,345.5,344.8,0,0,0,0,0,0
2013-11-19T21:36:46,1,0x40,0x0,9514,31276372,103.01,3.20E-06,33.5,346.4,345.3,0,0,0,0,0,0
2013-11-19T21:37:46,1,0x40,0x0,9529,26944368,103.02,3.69E-06,33.5,345.6,344.8,0,0,0,0,0,0
2013-11-19T21:38:46,1,0x40,0x0,9544,31604824,103.01,3.16E-06,33.5,346.4,345.3,0,0,0,0,0,0
2013-11-19T21:39:46,1,0x40,0x0,9558,27962230,103.01,3.56E-06,33.5,345.5,344.8,0,0,0,0,0,0
2013-11-19T21:40:46,1,0x40,0x0,9573,27232538,103.02,3.66E-06,33.5,345.6,344.8,0,0,0,0,0,0
2013-11-19T21:41:46,1,0x40,0x0,9588,30708786,103.01,3.25E-06,33.5,346.4,345.3,0,0,0,0,0,0
2013-11-19T21:42:46,1,0x40,0x0,9602,27144060,103.02,3.67E-06,33.5,345.6,344.8,0,0,0,0,0,0
2013-11-19T21:43:46,1,0x40,0x0,9617,32008972,103.02,3.13E-06,33.5,346.3,345.2,0,0,0,0,0,0
2013-11-19T21:44:46,1,0x40,0x0,9632,27808134,103.02,3.58E-06,33.5,345.6,344.8,0,0,0,0,0,0
2013-11-19T21:45:46,1,0x40,0x0,9647,31733398,103.02,3.15E-06,33.5,346.3,345.2,0,0,0,0,0,0
2013-11-19T21:46:46,1,0x40,0x0,9661,27383222,103.02,3.64E-06,33.5,345.6,344.8,0,0,0,0,0,0
2013-11-19T21:47:46,1,0x40,0x0,9676,30855848,103.02,3.24E-06,33.5,346.4,345.3,0,0,0,0,0,0
2013-11-19T21:48:46,1,0x40,0x0,9691,26907182,103.02,3.70E-06,33.5,345.6,344.8,0,0,0,0,0,0
2013-11-19T21:49:46,1,0x40,0x0,9706,27754376,103.02,3.59E-06,33.5,345.6,344.8,0,0,0,0,0,0
2013-11-19T21:50:46,1,0x40,0x0,9720,31390018,103.01,3.19E-06,33.5,346.4,345.3,0,0,0,0,0,0
2013-11-19T21:51:46,1,0x40,0x0,9735,27273350,103.02,3.65E-06,33.5,345.6,344.8,0,0,0,0,0,0
2013-11-19T21:52:46,1,0x40,0x0,9750,31701852,103.01,3.16E-06,33.5,346.4,345.3,0,0,0,0,0,0
2013-11-19T21:53:46,1,0x40,0x0,9764,27966706,103.02,3.56E-06,33.5,345.6,344.8,0,0,0,0,0,0
2013-11-19T21:54:46,1,0x40,0x0,9779,32308054,103.02,3.10E-06,33.4,346.4,345.3,0,0,0,0,0,0
2013-11-19T21:55:46,1,0x40,0x0,9794,28012014,103.01,3.56E-06,33.5,345.6,344.8,0,0,0,0,0,0
2013-11-19T21:56:46,1,0x40,0x0,9809,32572822,103.02,3.07E-06,33.5,346.2,345.2,0,0,0,0,0,0
2013-11-19T21:57:46,1,0x40,0x0,9823,31342098,103.01,3.19E-06,33.5,346.2,345.2,0,0,0,0,0,0
2013-11-19T21:58:46,1,0x40,0x0,9838,27152630,103.02,3.67E-06,33.4,345.6,344.8,0,0,0,0,0,0
2013-11-19T21:59:46,1,0x40,0x0,9853,31513790,103.02,3.17E-06,33.5,346.4,345.3,0,0,0,0,0,0
2013-11-19T22:00:46,1,0x40,0x0,9868,27042610,103.01,3.68E-06,33.4,345.6,344.8,0,0,0,0,0,0
2013-11-19T22:01:46,1,0x40,0x0,9882,31360858,103.02,3.19E-06,33.4,346.3,345.2,0,0,0,0,0,0
2013-11-19T22:02:46,1,0x40,0x0,9897,26283258,103.02,3.78E-06,33.4,345.6,344.8,0,0,0,0,0,0
2013-11-19T22:03:46,1,0x40,0x0,9912,30308426,103.02,3.30E-06,33.4,346.4,345.3,0,0,0,0,0,0
2013-11-19T22:04:46,1,0x40,0x0,9926,27126938,103.02,3.67E-06,33.4,345.6,344.8,0,0,0,0,0,0
2013-11-19T22:05:46,1,0x40,0x0,9941,26892642,103.01,3.70E-06,33.4,345.5,344.7,0,0,0,0,0,0
2013-11-19T22:06:46,1,0x40,0x0,9956,33015168,103.01,3.03E-06,33.4,346.3,345.2,0,0,0,0,0,0
2013-11-19T22:07:46,1,0x40,0x0,9971,28659372,103.01,3.48E-06,33.4,345.6,344.8,0,0,0,0,0,0
2013-11-19T22:08:46,1,0x40,0x0,9985,32579394,103.01,3.07E-06,33.4,346.3,345.2,0,0,0,0,0,0
2013-11-19T22:09:46,1,0x40,0x0,10000,29067202,103.01,3.43E-06,33.4,345.5,344.7,0,0,0,0,0,0
2013-11-19T22:10:46,1,0x40,0x0,10015,33438324,103.02,3.00E-06,33.4,346.2,345.1,0,0,0,0,0,0
2013-11-19T22:11:46,1,0x40,0x0,10030,29170564,103.02,3.42E-06,33.4,345.6,344.8,0,0,0,0,0,0
2013-11-19T22:12:46,1,0x40,0x0,10044,33850056,103.01,2.96E-06,33.4,346.2,345.2,0,0,0,0,0,0
2013-11-19T22:13:46,1,0x40,0x0,10059,28443074,103.02,3.51E-06,33.4,345.6,344.8,0,0,0,0,0,0
2013-11-19T22:14:46,1,0x40,0x0,10074,28358496,103.02,3.52E-06,33.4,345.6,344.8,0,0,0,0,0,0
2013-11-19T22:15:46,1,0x40,0x0,10088,32679716,103.02,3.06E-06,33.4,346.2,345.1,0,0,0,0,0,0
2013-11-19T22:16:46,1,0x40,0x0,10103,28553028,103.02,3.49E-06,33.4,345.6,344.8,0,0,0,0,0,0
2013-11-19T22:17:46,1,0x40,0x0,10118,32958948,103.02,3.04E-06,33.4,346.4,345.3,0,0,0,0,0,0
2013-11-19T22:18:46,1,0x40,0x0,10133,28517642,103.02,3.50E-06,33.4,345.5,344.7,0,0,0,0,0,0
2013-11-19T22:19:46,1,0x40,0x0,10147,31906654,103.02,3.14E-06,33.4,346.4,345.3,0,0,0,0,0,0
2013-11-19T22:20:46,1,0x40,0x0,10162,28301602,103.02,3.52E-06,33.4,345.6,344.8,0,0,0,0,0,0
2013-11-19T22:21:46,1,0x40,0x0,10177,33005084,103.02,3.03E-06,33.4,346.3,345.2,0,0,0,0,0,0
2013-11-19T22:22:46,1,0x40,0x0,10192,32573474,103.02,3.07E-06,33.4,346.4,345.3,0,0,0,0,0,0
2013-11-19T22:23:46,1,0x40,0x0,10206,28053394,103.02,3.55E-06,33.4,345.6,344.8,0,0,0,0,0,0
2013-11-19T22:24:46,1,0x40,0x0,10221,31381992,103.02,3.19E-06,33.4,346.3,345.2,0,0,0,0,0,0
2013-11-19T22:25:46,1,0x40,0x0,10236,27296750,103.02,3.65E-06,33.4,345.6,344.8,0,0,0,0,0,0
2013-11-19T22:26:46,1,0x40,0x0,10250,31848432,103.02,3.14E-06,33.4,346.3,345.2,0,0,0,0,0,0
2013-11-19T22:27:46,1,0x40,0x0,10265,28206926,103.02,3.53E-06,33.4,345.5,344.7,0,0,0,0,0,0
2013-11-19T22:28:46,1,0x40,0x0,10280,32300412,103.02,3.10E-06,33.4,346.4,345.3,0,0,0,0,0,0
2013-11-19T22:29:46,1,0x40,0x0,10295,27903314,103.02,3.57E-06,33.4,345.5,344.7,0,0,0,0,0,0
2013-11-19T22:30:46,1,0x40,0x0,10309,31215232,103.02,3.20E-06,33.4,346.3,345.3,0,0,0,0,0,0
2013-11-19T22:31:46,1,0x40,0x0,10324,31757128,103.02,3.15E-06,33.4,346.3,345.2,0,0,0,0,0,0
2013-11-19T22:32:46,1,0x40,0x0,10339,28400934,103.02,3.51E-06,33.4,345.6,344.8,0,0,0,0,0,0
2013-11-19T22:33:46,1,0x40,0x0,10354,30565788,103.02,3.27E-06,33.4,346.3,345.2,0,0,0,0,0,0
2013-11-19T22:34:46,1,0x40,0x0,10368,28033072,103.02,3.56E-06,33.4,345.5,344.7,0,0,0,0,0,0
2013-11-19T22:35:46,1,0x40,0x0,10383,32151690,103.01,3.11E-06,33.4,346.4,345.3,0,0,0,0,0,0
2013-11-19T22:36:46,1,0x40,0x0,10398,28080810,103.02,3.55E-06,33.4,345.5,344.8,0,0,0,0,0,0
2013-11-19T22:37:46,1,0x40,0x0,10412,32671352,103.02,3.06E-06,33.4,346.3,345.2,0,0,0,0,0,0
2013-11-19T22:38:46,1,0x40,0x0,10427,29245050,103.02,3.41E-06,33.4,345.5,344.7,0,0,0,0,0,0
2013-11-19T22:39:46,1,0x40,0x0,10442,28505440,103.02,3.50E-06,33.4,345.5,344.8,0,0,0,0,0,0
2013-11-19T22:40:46,1,0x40,0x0,10457,32157024,103.02,3.11E-06,33.4,346.3,345.3,0,0,0,0,0,0
2013-11-19T22:41:46,1,0x40,0x0,10471,28239470,103.02,3.53E-06,33.4,345.6,344.8,0,0,0,0,0,0
2013-11-19T22:42:46,1,0x40,0x0,10486,32456608,103.02,3.08E-06,33.4,346.3,345.3,0,0,0,0,0,0
2013-11-19T22:43:46,1,0x40,0x0,10501,27635158,103.02,3.60E-06,33.4,345.5,344.8,0,0,0,0,0,0
2013-11-19T22:44:46,1,0x40,0x0,10516,32181382,103.02,3.11E-06,33.4,346.3,345.2,0,0,0,0,0,0
2013-11-19T22:45:46,1,0x40,0x0,10530,27244298,103.02,3.65E-06,33.4,345.5,344.8,0,0,0,0,0,0
2013-11-19T22:46:46,1,0x40,0x0,10545,31846366,103.01,3.14E-06,33.4,346.4,345.3,0,0,0,0,0,0
2013-11-19T22:47:46,1,0x40,0x0,10560,31626236,103.02,3.16E-06,33.4,346.3,345.2,0,0,0,0,0,0
2013-11-19T22:48:46,1,0x40,0x0,10574,26879834,103.02,3.70E-06,33.4,345.5,344.7,0,0,0,0,0,0
2013-11-19T22:49:46,1,0x40,0x0,10589,30508536,103.01,3.28E-06,33.4,346.4,345.3,0,0,0,0,0,0
2013-11-19T22:50:46,1,0x40,0x0,10604,26887284,103.02,3.70E-06,33.4,345.5,344.7,0,0,0,0,0,0
2013-11-19T22:51:46,1,0x40,0x0,10619,29200142,103.02,3.42E-06,33.4,346.5,345.4,0,0,0,0,0,0
2013-11-19T22:52:46,1,0x40,0x0,10633,26323382,103.02,3.78E-06,33.4,345.6,344.8,0,0,0,0,0,0
2013-11-19T22:53:46,1,0x40,0x0,10648,30569954,103.02,3.27E-06,33.4,346.4,345.3,0,0,0,0,0,0
2013-11-19T22:54:46,1,0x40,0x0,10663,25786282,103.02,3.85E-06,33.4,345.6,344.8,0,0,0,0,0,0
2013-11-19T22:55:46,1,0x40,0x0,10678,29850272,103.02,3.35E-06,33.4,346.4,345.3,0,0,0,0,0,0
2013-11-19T22:56:46,1,0x40,0x0,10692,29861220,103.01,3.34E-06,33.4,346.4,345.3,0,0,0,0,0,0
2013-11-19T22:57:46,1,0x40,0x0,10707,24539968,103.01,4.04E-06,33.4,345.6,344.9,0,0,0,0,0,0
2013-11-19T22:58:46,1,0x40,0x0,10722,25307722,103.01,3.92E-06,33.4,346.4,345.4,0,0,0,0,0,0
2013-11-19T22:59:46,1,0x40,0x0,10736,21111834,103.01,4.67E-06,33.4,345.6,344.8,0,0,0,0,0,0
2013-11-19T23:00:46,1,0x40,0x0,10751,22607184,103.02,4.37E-06,33.3,346.4,345.4,0,0,0,0,0,0
2013-11-19T23:01:46,1,0x40,0x0,10766,22250346,103.02,4.44E-06,33.3,345.6,344.8,0,0,0,0,0,0
2013-11-19T23:02:46,1,0x40,0x0,10781,28784476,103.01,3.47E-06,33.3,346.3,345.2,0,0,0,0,0,0
2013-11-19T23:03:46,1,0x40,0x0,10795,26035802,103.02,3.82E-06,33.3,345.6,344.8,0,0,0,0,0,0
2013-11-19T23:04:46,1,0x40,0x0,10810,22615262,103.02,4.37E-06,33.3,345.6,344.8,0,0,0,0,0,0
2013-11-19T23:05:46,1,0x40,0x0,10825,29768812,103.02,3.35E-06,33.3,346.3,345.2,0,0,0,0,0,0
2013-11-19T23:06:46,1,0x40,0x0,10840,26284870,103.01,3.78E-06,33.3,345.6,344.8,0,0,0,0,0,0
2013-11-19T23:07:46,1,0x40,0x0,10854,29528148,103.02,3.38E-06,33.3,346.3,345.2,0,0,0,0,0,0
2013-11-19T23:08:46,1,0x40,0x0,10869,25092734,103.02,3.96E-06,33.3,345.6,344.9,0,0,0,0,0,0
2013-11-19T23:09:46,1,0x40,0x0,10884,27835702,103.02,3.58E-06,33.3,346.2,345.2,0,0,0,0,0,0
2013-11-19T23:10:46,1,0x40,0x0,10898,23972206,103.02,4.13E-06,33.3,345.6,344.9,0,0,0,0,0,0
2013-11-19T23:11:46,1,0x40,0x0,10913,28589362,103.02,3.49E-06,33.3,346.3,345.3,0,0,0,0,0,0
2013-11-19T23:12:46,1,0x40,0x0,10928,28614352,103.02,3.49E-06,33.3,346.3,345.2,0,0,0,0,0,0
2013-11-19T23:13:46,1,0x40,0x0,10943,24808128,103.02,4.00E-06,33.3,345.5,344.7,0,0,0,0,0,0
2013-11-19T23:14:46,1,0x40,0x0,10957,27754984,103.02,3.59E-06,33.3,346.4,345.3,0,0,0,0,0,0
2013-11-19T23:15:46,1,0x40,0x0,10972,24454152,103.02,4.06E-06,33.3,345.6,344.8,0,0,0,0,0,0
2013-11-19T23:16:46,1,0x40,0x0,10987,29293936,103.02,3.41E-06,33.3,346.3,345.2,0,0,0,0,0,0
2013-11-19T23:17:46,1,0x40,0x0,11002,26173566,103.02,3.80E-06,33.3,345.7,344.9,0,0,0,0,0,0
2013-11-19T23:18:46,1,0x40,0x0,11016,30437430,103.02,3.28E-06,33.3,346.3,345.2,0,0,0,0,0,0
2013-11-19T23:19:46,1,0x40,0x0,11031,26352742,103.01,3.77E-06,33.3,345.6,344.8,0,0,0,0,0,0
2013-11-19T23:20:46,1,0x40,0x0,11046,30107972,103.02,3.32E-06,33.3,346.3,345.2,0,0,0,0,0,0
2013-11-19T23:21:46,1,0x40,0x0,11060,31051702,103.02,3.22E-06,33.3,346.4,345.3,0,0,0,0,0,0
2013-11-19T23:22:46,1,0x40,0x0,11075,27702642,103.02,3.60E-06,33.3,345.5,344.8,0,0,0,0,0,0
2013-11-19T23:23:46,1,0x40,0x0,11090,31809468,103.02,3.15E-06,33.3,346.4,345.3,0,0,0,0,0,0
2013-11-19T23:24:46,1,0x40,0x0,11105,27039896,103.02,3.68E-06,33.3,345.5,344.8,0,0,0,0,0,0
2013-11-19T23:25:46,1,0x40,0x0,11119,30787118,103.02,3.25E-06,33.3,346.3,345.2,0,0,0,0,0,0
2013-11-19T23:26:46,1,0x40,0x0,11134,26795644,103.02,3.71E-06,33.3,345.5,344.7,0,0,0,0,0,0
2013-11-19T23:27:46,1,0x40,0x0,11149,30783144,103.02,3.25E-06,33.3,346.3,345.3,0,0,0,0,0,0
2013-11-19T23:28:46,1,0x40,0x0,11164,27249006,103.02,3.65E-06,33.3,345.5,344.8,0,0,0,0,0,0
2013-11-19T23:29:46,1,0x40,0x0,11178,27333012,103.02,3.64E-06,33.3,345.6,344.8,0,0,0,0,0,0
2013-11-19T23:30:46,1,0x40,0x0,11193,31219828,103.02,3.20E-06,33.3,346.4,345.3,0,0,0,0,0,0
2013-11-19T23:31:46,1,0x40,0x0,11208,27535130,103.02,3.62E-06,33.3,345.7,344.9,0,0,0,0,0,0
2013-11-19T23:32:46,1,0x40,0x0,11222,31689448,103.02,3.16E-06,33.3,346.3,345.2,0,0,0,0,0,0
2013-11-19T23:33:46,1,0x40,0x0,11237,28519784,103.02,3.50E-06,33.3,345.5,344.7,0,0,0,0,0,0
2013-11-19T23:34:46,1,0x40,0x0,11252,32577356,103.02,3.07E-06,33.3,346.5,345.4,0,0,0,0,0,0
2013-11-19T23:35:46,1,0x40,0x0,11267,28248720,103.02,3.53E-06,33.3,345.5,344.7,0,0,0,0,0,0
2013-11-19T23:36:46,1,0x40,0x0,11281,32721896,103.02,3.06E-06,33.3,346.5,345.4,0,0,0,0,0,0
2013-11-19T23:37:46,1,0x40,0x0,11296,28762790,103.02,3.47E-06,33.3,345.6,344.8,0,0,0,0,0,0
2013-11-19T23:38:46,1,0x40,0x0,11311,28288314,103.02,3.52E-06,33.3,345.5,344.7,0,0,0,0,0,0
2013-11-19T23:39:46,1,0x40,0x0,11326,32015138,103.02,3.13E-06,33.3,346.3,345.3,0,0,0,0,0,0
2013-11-19T23:40:46,1,0x40,0x0,11340,27889766,103.02,3.57E-06,33.3,345.5,344.7,0,0,0,0,0,0
2013-11-19T23:41:46,1,0x40,0x0,11355,31868084,103.02,3.14E-06,33.2,346.4,345.4,0,0,0,0,0,0
2013-11-19T23:42:46,1,0x40,0x0,11370,28098076,103.02,3.55E-06,33.2,345.5,344.7,0,0,0,0,0,0
2013-11-19T23:43:46,1,0x40,0x0,11384,32583736,103.02,3.07E-06,33.2,346.3,345.3,0,0,0,0,0,0
2013-11-19T23:44:46,1,0x40,0x0,11399,28357648,103.02,3.52E-06,33.2,345.6,344.8,0,0,0,0,0,0
2013-11-19T23:45:46,1,0x40,0x0,11414,32985752,103.02,3.04E-06,33.2,346.4,345.3,0,0,0,0,0,0
2013-11-19T23:46:46,1,0x40,0x0,11429,32427176,103.02,3.09E-06,33.2,346.3,345.2,0,0,0,0,0,0
2013-11-19T23:47:46,1,0x40,0x0,11443,27848382,103.02,3.58E-06,33.2,345.7,344.9,0,0,0,0,0,0
2013-11-19T23:48:46,1,0x40,0x0,11458,32432400,103.02,3.09E-06,33.2,346.4,345.3,0,0,0,0,0,0
2013-11-19T23:49:46,1,0x40,0x0,11473,28931216,103.02,3.45E-06,33.2,345.5,344.8,0,0,0,0,0,0
2013-11-19T23:50:46,1,0x40,0x0,11488,33152068,103.02,3.02E-06,33.2,346.4,345.3,0,0,0,0,0,0
2013-11-19T23:51:46,1,0x40,0x0,11502,28398172,103.02,3.51E-06,33.2,345.5,344.8,0,0,0,0,0,0
2013-11-19T23:52:46,1,0x40,0x0,11517,32575514,103.01,3.07E-06,33.2,346.4,345.4,0,0,0,0,0,0
2013-11-19T23:53:46,1,0x40,0x0,11532,28835378,103.02,3.46E-06,33.2,345.6,344.8,0,0,0,0,0,0
2013-11-19T23:54:46,1,0x40,0x0,11546,33872592,103.02,2.96E-06,33.2,346.4,345.4,0,0,0,0,0,0
2013-11-19T23:55:46,1,0x40,0x0,11561,34335164,103.02,2.92E-06,33.2,346.4,345.3,0,0,0,0,0,0
2013-11-19T23:56:46,1,0x40,0x0,11576,29496330,103.02,3.38E-06,33.2,345.5,344.8,0,0,0,0,0,0
2013-11-19T23:57:46,1,0x40,0x0,11591,34162472,103.02,2.93E-06,33.2,346.4,345.3,0,0,0,0,0,0
2013-11-19T23:58:46,1,0x40,0x0,11605,29638770,103.02,3.37E-06,33.2,345.6,344.8,0,0,0,0,0,0
2013-11-19T23:59:46,1,0x40,0x0,11620,34693216,103.02,2.89E-06,33.2,346.4,345.4,0,0,0,0,0,0
2013-11-20T00:00:46,1,0x40,0x0,11635,30219258,103.02,3.31E-06,33.2,345.6,344.8,0,0,0,0,0,0
2013-11-20T00:01:46,1,0x40,0x0,11650,34659088,103.02,2.89E-06,33.2,346.3,345.3,0,0,0,0,0,0
2013-11-20T00:02:46,1,0x40,0x0,11664,29366544,103.02,3.40E-06,33.2,345.6,344.8,0,0,0,0,0,0
2013-11-20T00:03:46,1,0x40,0x0,11679,28559258,103.02,3.49E-06,33.2,345.7,344.9,0,0,0,0,0,0
2013-11-20T00:04:46,1,0x40,0x0,11694,33987248,103.02,2.95E-06,33.2,346.4,345.3,0,0,0,0,0,0
2013-11-20T00:05:46,1,0x40,0x0,11708,29866140,103.01,3.34E-06,33.2,345.6,344.8,0,0,0,0,0,0
2013-11-20T00:06:46,1,0x40,0x0,11723,35068216,103.02,2.86E-06,33.2,346.4,345.4,0,0,0,0,0,0
2013-11-20T00:07:46,1,0x40,0x0,11738,29666202,103.01,3.37E-06,33.2,345.5,344.8,0,0,0,0,0,0
2013-11-20T00:08:46,1,0x40,0x0,11753,34307236,103.02,2.92E-06,33.2,346.5,345.4,0,0,0,0,0,0
2013-11-20T00:09:46,1,0x40,0x0,11767,29915700,103.02,3.34E-06,33.2,345.5,344.7,0,0,0,0,0,0
2013-11-20T00:10:46,1,0x40,0x0,11782,34960676,103.02,2.87E-06,33.2,346.4,345.3,0,0,0,0,0,0
2013-11-20T00:11:46,1,0x40,0x0,11797,30263898,103.02,3.30E-06,33.2,345.3,344.6,0,0,0,0,0,0
2013-11-20T00:12:46,1,0x40,0x0,11812,29618180,103.01,3.37E-06,33.2,345.6,344.8,0,0,0,0,0,0
2013-11-20T00:13:46,1,0x40,0x0,11826,33779384,103.01,2.97E-06,33.2,346.5,345.4,0,0,0,0,0,0
2013-11-20T00:14:46,1,0x40,0x0,11841,28970256,103.02,3.44E-06,33.2,345.6,344.8,0,0,0,0,0,0
2013-11-20T00:15:46,1,0x40,0x0,11856,33815552,103.02,2.96E-06,33.2,346.4,345.3,0,0,0,0,0,0
2013-11-20T00:16:46,1,0x40,0x0,11870,29682922,103.02,3.36E-06,33.2,345.6,344.8,0,0,0,0,0,0
2013-11-20T00:17:46,1,0x40,0x0,11885,33735356,103.02,2.97E-06,33.2,346.3,345.2,0,0,0,0,0,0
2013-11-20T00:18:46,1,0x40,0x0,11900,28972022,103.02,3.44E-06,33.2,345.6,344.8,0,0,0,0,0,0
2013-11-20T00:19:46,1,0x40,0x0,11915,33079068,103.02,3.03E-06,33.2,346.2,345.1,0,0,0,0,0,0
2013-11-20T00:20:46,1,0x40,0x0,11929,33332172,103.02,3.01E-06,33.2,346.3,345.2,0,0,0,0,0,0
2013-11-20T00:21:46,1,0x40,0x0,11944,29342752,103.02,3.40E-06,33.2,345.5,344.7,0,0,0,0,0,0
2013-11-20T00:22:46,1,0x40,0x0,11959,33395204,103.02,3.00E-06,33.2,346.3,345.2,0,0,0,0,0,0
2013-11-20T00:23:46,1,0x40,0x0,11974,28086838,103.02,3.55E-06,33.2,345.7,344.9,0,0,0,0,0,0
2013-11-20T00:24:46,1,0x40,0x0,11988,31661834,103.02,3.16E-06,33.2,346.4,345.3,0,0,0,0,0,0
2013-11-20T00:25:46,1,0x40,0x0,12003,27802778,103.02,3.58E-06,33.2,345.6,344.9,0,0,0,0,0,0
2013-11-20T00:26:46,1,0x40,0x0,12018,31865690,103.02,3.14E-06,33.2,346.3,345.3,0,0,0,0,0,0
2013-11-20T00:27:46,1,0x40,0x0,12032,28692830,103.02,3.48E-06,33.2,345.5,344.7,0,0,0,0,0,0
2013-11-20T00:28:46,1,0x40,0x0,12047,32996552,103.02,3.04E-06,33.2,346.3,345.2,0,0,0,0,0,0
2013-11-20T00:29:46,1,0x40,0x0,12062,32589282,103.02,3.07E-06,33.2,346.4,345.3,0,0,0,0,0,0
2013-11-20T00:30:46,1,0x40,0x0,12077,28359978,103.02,3.52E-06,33.2,345.6,344.9,0,0,0,0,0,0
2013-11-20T00:31:46,1,0x40,0x0,12091,33592764,103.02,2.98E-06,33.2,346.4,345.3,0,0,0,0,0,0
2013-11-20T00:32:46,1,0x40,0x0,12106,29520588,103.02,3.38E-06,33.2,345.7,344.9,0,0,0,0,0,0
2013-11-20T00:33:46,1,0x40,0x0,12121,34118728,103.02,2.94E-06,33.2,346.3,345.3,0,0,0,0,0,0
2013-11-20T00:34:46,1,0x40,0x0,12136,28940472,103.02,3.45E-06,33.2,345.6,344.9,0,0,0,0,0,0
2013-11-20T00:35:46,1,0x40,0x0,12150,33363368,103.02,3.00E-06,33.2,346.3,345.2,0,0,0,0,0,0
2013-11-20T00:36:46,1,0x40,0x0,12165,29308834,103.02,3.41E-06,33.2,345.5,344.8,0,0,0,0,0,0
2013-11-20T00:37:46,1,0x40,0x0,12180,30389168,103.02,3.29E-06,33.2,345.6,344.8,0,0,0,0,0,0
2013-11-20T00:38:46,1,0x40,0x0,12194,35154512,103.02,2.85E-06,33.2,346.4,345.3,0,0,0,0,0,0
2013-11-20T00:39:46,1,0x40,0x0,12209,30193634,103.02,3.31E-06,33.2,345.7,344.9,0,0,0,0,0,0
2013-11-20T00:40:46,1,0x40,0x0,12224,34624088,103.02,2.90E-06,33.2,346.3,345.3,0,0,0,0,0,0
2013-11-20T00:41:46,1,0x40,0x0,12239,30038168,103.02,3.33E-06,33.2,345.5,344.7,0,0,0,0,0,0
2013-11-20T00:42:46,1,0x40,0x0,12253,35070776,103.02,2.86E-06,33.2,346.3,345.2,0,0,0,0,0,0
2013-11-20T00:43:46,1,0x40,0x0,12268,29816374,103.02,3.35E-06,33.2,345.5,344.7,0,0,0,0,0,0
2013-11-20T00:44:46,1,0x40,0x0,12283,35807684,103.02,2.80E-06,33.2,346.3,345.2,0,0,0,0,0,0
2013-11-20T00:45:46,1,0x40,0x0,12298,34814612,103.02,2.88E-06,33.2,346.3,345.3,0,0,0,0,0,0
2013-11-20T00:46:46,1,0x40,0x0,12312,30176176,103.02,3.31E-06,33.2,345.6,344.9,0,0,0,0,0,0
2013-11-20T00:47:46,1,0x40,0x0,12327,35865444,103.02,2.80E-06,33.2,346.4,345.3,0,0,0,0,0,0
2013-11-20T00:48:46,1,0x40,0x0,12342,31426180,103.01,3.18E-06,33.2,345.6,344.9,0,0,0,0,0,0
2013-11-20T00:49:46,1,0x40,0x0,12356,36312184,103.01,2.76E-06,33.2,346.3,345.2,0,0,0,0,0,0
2013-11-20T00:50:46,1,0x40,0x0,12371,30282866,103.01,3.30E-06,33.2,345.6,344.8,0,0,0,0,0,0
2013-11-20T00:51:46,1,0x40,0x0,12386,34805776,103.02,2.88E-06,33.2,346.3,345.2,0,0,0,0,0,0
2013-11-20T00:52:46,1,0x40,0x0,12401,29978824,103.02,3.33E-06,33.2,345.6,344.9,0,0,0,0,0,0
2013-11-20T00:53:46,1,0x40,0x0,12415,35828364,103.02,2.80E-06,33.2,346.5,345.4,0,0,0,0,0,0
2013-11-20T00:54:46,1,0x40,0x0,12430,36030356,103.02,2.79E-06,33.2,346.3,345.3,0,0,0,0,0,0
2013-11-20T00:55:46,1,0x40,0x0,12445,30508802,103.02,3.28E-06,33.2,345.6,344.8,0,0,0,0,0,0
2013-11-20T00:56:46,1,0x40,0x0,12460,34484680,103.01,2.91E-06,33.2,346.4,345.4,0,0,0,0,0,0
2013-11-20T00:57:46,1,0x40,0x0,12474,29836936,103.02,3.35E-06,33.2,345.6,344.8,0,0,0,0,0,0
2013-11-20T00:58:46,1,0x40,0x0,12489,34491184,103.01,2.91E-06,33.2,346.4,345.4,0,0,0,0,0,0
2013-11-20T00:59:46,1,0x40,0x0,12504,30972568,103.02,3.23E-06,33.2,345.6,344.9,0,0,0,0,0,0
2013-11-20T01:00:46,1,0x40,0x0,12518,36501204,103.01,2.75E-06,33.2,346.3,345.2,0,0,0,0,0,0
2013-11-20T01:01:46,1,0x40,0x0,12533,30577798,103.02,3.27E-06,33.2,345.7,344.9,0,0,0,0,0,0
2013-11-20T01:02:46,1,0x40,0x0,12548,30224050,103.02,3.31E-06,33.2,345.6,344.9,0,0,0,0,0,0
2013-11-20T01:03:46,1,0x40,0x0,12563,35335504,103.02,2.84E-06,33.2,346.4,345.3,0,0,0,0,0,0
2013-11-20T01:04:46,1,0x40,0x0,12577,30258370,103.02,3.30E-06,33.2,345.5,344.7,0,0,0,0,0,0
2013-11-20T01:05:46,1,0x40,0x0,12592,35587348,103.02,2.82E-06,33.2,346.4,345.3,0,0,0,0,0,0
2013-11-20T01:06:46,1,0x40,0x0,12607,30624702,103.02,3.26E-06,33.2,345.7,344.9,0,0,0,0,0,0
2013-11-20T01:07:46,1,0x40,0x0,12622,35721556,103.02,2.81E-06,33.2,346.5,345.4,0,0,0,0,0,0
2013-11-20T01:08:46,1,0x40,0x0,12636,31262520,103.02,3.20E-06,33.2,345.5,344.8,0,0,0,0,0,0
2013-11-20T01:09:46,1,0x40,0x0,12651,37308920,103.02,2.69E-06,33.2,346.3,345.3,0,0,0,0,0,0
2013-11-20T01:10:46,1,0x40,0x0,12666,32254926,103.02,3.10E-06,33.2,345.6,344.8,0,0,0,0,0,0
2013-11-20T01:11:46,1,0x40,0x0,12680,31918108,103.02,3.13E-06,33.2,345.6,344.8,0,0,0,0,0,0
2013-11-20T01:12:46,1,0x40,0x0,12695,37076340,103.02,2.71E-06,33.2,346.4,345.3,0,0,0,0,0,0
2013-11-20T01:13:46,1,0x40,0x0,12710,31642734,103.02,3.16E-06,33.2,345.5,344.7,0,0,0,0,0,0
2013-11-20T01:14:46,1,0x40,0x0,12725,37479328,103.02,2.68E-06,33.2,346.3,345.2,0,0,0,0,0,0
2013-11-20T01:15:46,1,0x40,0x0,12739,32367370,103.02,3.09E-06,33.2,345.6,344.8,0,0,0,0,0,0
2013-11-20T01:16:46,1,0x40,0x0,12754,38385252,103.02,2.62E-06,33.2,346.3,345.3,0,0,0,0,0,0
2013-11-20T01:17:46,1,0x40,0x0,12769,31494562,103.02,3.18E-06,33.2,345.5,344.8,0,0,0,0,0,0
2013-11-20T01:18:46,1,0x40,0x0,12784,35279720,103.02,2.84E-06,33.2,346.3,345.2,0,0,0,0,0,0
2013-11-20T01:19:46,1,0x40,0x0,12798,35624936,103.02,2.82E-06,33.2,346.4,345.3,0,0,0,0,0,0
2013-11-20T01:20:46,1,0x40,0x0,12813,31188202,103.02,3.21E-06,33.2,345.6,344.8,0,0,0,0,0,0
2013-11-20T01:21:46,1,0x40,0x0,12828,36601112,103.02,2.74E-06,33.2,346.3,345.2,0,0,0,0,0,0
2013-11-20T01:22:46,1,0x40,0x0,12842,31477948,103.02,3.18E-06,33.2,345.6,344.8,0,0,0,0,0,0
2013-11-20T01:23:46,1,0x40,0x0,12857,36168184,103.02,2.78E-06,33.2,346.3,345.3,0,0,0,0,0,0
2013-11-20T01:24:46,1,0x40,0x0,12872,31418652,103.02,3.18E-06,33.2,345.6,344.8,0,0,0,0,0,0
2013-11-20T01:25:46,1,0x40,0x0,12887,37115264,103.02,2.71E-06,33.2,346.3,345.3,0,0,0,0,0,0
2013-11-20T01:26:46,1,0x40,0x0,12901,31922966,103.01,3.13E-06,33.2,345.5,344.7,0,0,0,0,0,0
2013-11-20T01:27:46,1,0x40,0x0,12916,37344768,103.01,2.69E-06,33.2,346.3,345.2,0,0,0,0,0,0
2013-11-20T01:28:46,1,0x40,0x0,12931,36187568,103.01,2.77E-06,33.2,346.4,345.3,0,0,0,0,0,0
2013-11-20T01:29:46,1,0x40,0x0,12946,31358312,103.01,3.19E-06,33.2,345.6,344.8,0,0,0,0,0,0
2013-11-20T01:30:46,1,0x40,0x0,12960,37305308,103.02,2.69E-06,33.2,346.4,345.3,0,0,0,0,0,0
2013-11-20T01:31:46,1,0x40,0x0,12975,31999594,103.02,3.13E-06,33.2,345.5,344.8,0,0,0,0,0,0
2013-11-20T01:32:46,1,0x40,0x0,12990,37474012,103.01,2.68E-06,33.2,346.4,345.4,0,0,0,0,0,0
2013-11-20T01:33:46,1,0x40,0x0,13004,31383280,103.02,3.19E-06,33.2,345.5,344.8,0,0,0,0,0,0
2013-11-20T01:34:46,1,0x40,0x0,13019,36166484,103.02,2.78E-06,33.2,346.3,345.2,0,0,0,0,0,0
2013-11-20T01:35:46,1,0x40,0x0,13034,31091658,103.02,3.22E-06,33.2,345.5,344.8,0,0,0,0,0,0
2013-11-20T01:36:46,1,0x40,0x0,13049,31878448,103.02,3.14E-06,33.2,345.6,344.8,0,0,0,0,0,0
2013-11-20T01:37:46,1,0x40,0x0,13063,37487784,103.02,2.68E-06,33.2,346.3,345.3,0,0,0,0,0,0
2013-11-20T01:38:46,1,0x40,0x0,13078,31483400,103.02,3.18E-06,33.2,345.5,344.8,0,0,0,0,0,0
2013-11-20T01:39:46,1,0x40,0x0,13093,36400420,103.02,2.76E-06,33.3,346.4,345.4,0,0,0,0,0,0
2013-11-20T01:40:46,1,0x40,0x0,13108,31426668,103.02,3.18E-06,33.3,345.7,344.9,0,0,0,0,0,0
2013-11-20T01:41:46,1,0x40,0x0,13122,36102020,103.02,2.78E-06,33.3,346.4,345.4,0,0,0,0,0,0
2013-11-20T01:42:46,1,0x40,0x0,13137,31163998,103.02,3.21E-06,33.3,345.6,344.9,0,0,0,0,0,0
2013-11-20T01:43:46,1,0x40,0x0,13152,36979548,103.02,2.72E-06,33.3,346.3,345.2,0,0,0,0,0,0
2013-11-20T01:44:46,1,0x40,0x0,13166,31448694,103.01,3.18E-06,33.3,345.7,344.9,0,0,0,0,0,0
2013-11-20T01:45:46,1,0x40,0x0,13181,31037308,103.02,3.22E-06,33.3,345.5,344.7,0,0,0,0,0,0
2013-11-20T01:46:46,1,0x40,0x0,13196,36850796,103.02,2.73E-06,33.3,346.3,345.2,0,0,0,0,0,0
2013-11-20T01:47:46,1,0x40,0x0,13211,32055130,103.02,3.12E-06,33.3,345.5,344.7,0,0,0,0,0,0
2013-11-20T01:48:46,1,0x40,0x0,13225,38038300,103.02,2.64E-06,33.3,346.3,345.2,0,0,0,0,0,0
2013-11-20T01:49:46,1,0x40,0x0,13240,31880896,103.01,3.14E-06,33.3,345.5,344.7,0,0,0,0,0,0
2013-11-20T01:50:46,1,0x40,0x0,13255,37346512,103.02,2.69E-06,33.3,346.4,345.3,0,0,0,0,0,0
2013-11-20T01:51:46,1,0x40,0x0,13270,31817676,103.02,3.14E-06,33.3,345.5,344.7,0,0,0,0,0,0
2013-11-20T01:52:46,1,0x40,0x0,13284,38201364,103.02,2.63E-06,33.3,346.4,345.3,0,0,0,0,0,0
2013-11-20T01:53:46,1,0x40,0x0,13299,38488976,103.02,2.61E-06,33.3,346.4,345.4,0,0,0,0,0,0
2013-11-20T01:54:46,1,0x40,0x0,13314,32097106,103.02,3.12E-06,33.3,345.6,344.8,0,0,0,0,0,0
2013-11-20T01:55:46,1,0x40,0x0,13328,37198376,103.02,2.70E-06,33.3,346.4,345.3,0,0,0,0,0,0
2013-11-20T01:56:46,1,0x40,0x0,13343,31796236,103.02,3.15E-06,33.3,345.6,344.9,0,0,0,0,0,0
2013-11-20T01:57:46,1,0x40,0x0,13358,37736516,103.02,2.66E-06,33.3,346.4,345.3,0,0,0,0,0,0
2013-11-20T01:58:46,1,0x40,0x0,13373,32328802,103.02,3.10E-06,33.3,345.7,344.9,0,0,0,0,0,0
2013-11-20T01:59:46,1,0x40,0x0,13387,37817916,103.02,2.66E-06,33.3,346.3,345.2,0,0,0,0,0,0
2013-11-20T02:00:46,1,0x40,0x0,13402,31927972,103.02,3.13E-06,33.3,345.6,344.9,0,0,0,0,0,0
2013-11-20T02:01:46,1,0x40,0x0,13417,36824764,103.01,2.73E-06,33.3,346.3,345.3,0,0,0,0,0,0
2013-11-20T02:02:46,1,0x40,0x0,13432,37366852,103.01,2.69E-06,33.3,346.3,345.2,0,0,0,0,0,0
2013-11-20T02:03:46,1,0x40,0x0,13446,31939710,103.02,3.13E-06,33.3,345.6,344.9,0,0,0,0,0,0
2013-11-20T02:04:46,1,0x40,0x0,13461,37508936,103.02,2.68E-06,33.3,346.4,345.3,0,0,0,0,0,0
2013-11-20T02:05:46,1,0x40,0x0,13476,31283780,103.02,3.20E-06,33.3,345.7,344.9,0,0,0,0,0,0
2013-11-20T02:06:46,1,0x40,0x0,13490,35967388,103.02,2.79E-06,33.3,346.3,345.2,0,0,0,0,0,0
2013-11-20T02:07:46,1,0x40,0x0,13505,30840882,103.02,3.24E-06,33.3,345.6,344.8,0,0,0,0,0,0
2013-11-20T02:08:46,1,0x40,0x0,13520,36447632,103.02,2.76E-06,33.3,346.4,345.3,0,0,0,0,0,0
2013-11-20T02:09:46,1,0x40,0x0,13535,31435234,103.01,3.18E-06,33.3,345.5,344.8,0,0,0,0,0,0
2013-11-20T02:10:46,1,0x40,0x0,13549,31106874,103.02,3.21E-06,33.3,345.6,344.8,0,0,0,0,0,0
2013-11-20T02:11:46,1,0x40,0x0,13564,36030356,103.02,2.79E-06,33.3,346.3,345.2,0,0,0,0,0,0
2013-11-20T02:12:46,1,0x40,0x0,13579,31186182,103.01,3.21E-06,33.3,345.6,344.8,0,0,0,0,0,0
2013-11-20T02:13:46,1,0x40,0x0,13594,37272184,103.01,2.70E-06,33.3,346.4,345.3,0,0,0,0,0,0
2013-11-20T02:14:46,1,0x40,0x0,13608,32037136,103.02,3.12E-06,33.3,345.6,344.8,0,0,0,0,0,0
2013-11-20T02:15:46,1,0x40,0x0,13623,37345064,103.02,2.69E-06,33.3,346.3,345.2,0,0,0,0,0,0
2013-11-20T02:16:46,1,0x40,0x0,13638,31297628,103.02,3.20E-06,33.3,345.6,344.9,0,0,0,0,0,0
2013-11-20T02:17:46,1,0x40,0x0,13652,36300880,103.02,2.77E-06,33.3,346.4,345.4,0,0,0,0,0,0
2013-11-20T02:18:46,1,0x40,0x0,13667,30940676,103.02,3.23E-06,33.3,345.6,344.8,0,0,0,0,0,0
2013-11-20T02:19:46,1,0x40,0x0,13682,31290188,103.02,3.20E-06,33.3,345.6,344.8,0,0,0,0,0,0
2013-11-20T02:20:46,1,0x40,0x0,13697,36812060,103.02,2.73E-06,33.3,346.4,345.3,0,0,0,0,0,0
2013-11-20T02:21:46,1,0x40,0x0,13711,31161978,103.02,3.21E-06,33.3,345.6,344.8,0,0,0,0,0,0
2013-11-20T02:22:46,1,0x40,0x0,13726,36320744,103.02,2.76E-06,33.4,346.5,345.4,0,0,0,0,0,0
2013-11-20T02:23:46,1,0x40,0x0,13741,31065096,103.02,3.22E-06,33.4,345.6,344.8,0,0,0,0,0,0
2013-11-20T02:24:46,1,0x40,0x0,13756,37203348,103.02,2.70E-06,33.4,346.5,345.4,0,0,0,0,0,0
2013-11-20T02:25:46,1,0x40,0x0,13770,32014066,103.02,3.13E-06,33.4,345.6,344.8,0,0,0,0,0,0
2013-11-20T02:26:46,1,0x40,0x0,13785,37291596,103.02,2.69E-06,33.4,346.3,345.3,0,0,0,0,0,0
2013-11-20T02:27:46,1,0x40,0x0,13800,36348864,103.02,2.76E-06,33.4,346.4,345.3,0,0,0,0,0,0
2013-11-20T02:28:46,1,0x40,0x0,13814,30715966,103.02,3.25E-06,33.4,345.6,344.8,0,0,0,0,0,0
2013-11-20T02:29:46,1,0x40,0x0,13829,36258136,103.02,2.77E-06,33.4,346.4,345.3,0,0,0,0,0,0
2013-11-20T02:30:46,1,0x40,0x0,13844,31393600,103.02,3.19E-06,33.4,345.6,344.9,0,0,0,0,0,0
2013-11-20T02:31:46,1,0x40,0x0,13859,37093472,103.02,2.71E-06,33.4,346.3,345.2,0,0,0,0,0,0
2013-11-20T02:32:46,1,0x40,0x0,13873,31123104,103.02,3.21E-06,33.4,345.6,344.8,0,0,0,0,0,0
2013-11-20T02:33:46,1,0x40,0x0,13888,35834036,103.02,2.80E-06,33.4,346.3,345.3,0,0,0,0,0,0
2013-11-20T02:34:46,1,0x40,0x0,13903,30562358,103.02,3.27E-06,33.4,345.6,344.8,0,0,0,0,0,0
2013-11-20T02:35:46,1,0x40,0x0,13918,36470416,103.02,2.75E-06,33.4,346.3,345.2,0,0,0,0,0,0
2013-11-20T02:36:46,1,0x40,0x0,13932,37123844,103.02,2.71E-06,33.4,346.4,345.4,0,0,0,0,0,0
2013-11-20T02:37:46,1,0x40,0x0,13947,31238476,103.02,3.20E-06,33.4,345.6,344.9,0,0,0,0,0,0
2013-11-20T02:38:46,1,0x40,0x0,13962,36421772,103.02,2.76E-06,33.4,346.4,345.3,0,0,0,0,0,0
2013-11-20T02:39:46,1,0x40,0x0,13976,31262264,103.02,3.20E-06,33.4,345.6,344.8,0,0,0,0,0,0
2013-11-20T02:40:46,1,0x40,0x0,13991,37224968,103.02,2.70E-06,33.4,346.3,345.2,0,0,0,0,0,0
2013-11-20T02:41:46,1,0x40,0x0,14006,31154854,103.02,3.21E-06,33.4,345.6,344.8,0,0,0,0,0,0
2013-11-20T02:42:46,1,0x40,0x0,14021,37119552,103.02,2.71E-06,33.4,346.3,345.2,0,0,0,0,0,0
2013-11-20T02:43:46,1,0x40,0x0,14035,31169104,103.02,3.21E-06,33.4,345.5,344.7,0,0,0,0,0,0
2013-11-20T02:44:46,1,0x40,0x0,14050,31071168,103.02,3.22E-06,33.4,345.7,344.9,0,0,0,0,0,0
2013-11-20T02:45:46,1,0x40,0x0,14065,37128848,103.02,2.71E-06,33.4,346.4,345.4,0,0,0,0,0,0
2013-11-20T02:46:46,1,0x40,0x0,14080,31852944,103.02,3.14E-06,33.4,345.6,344.8,0,0,0,0,0,0
2013-11-20T02:47:46,1,0x40,0x0,14094,37286904,103.02,2.69E-06,33.4,346.4,345.4,0,0,0,0,0,0
2013-11-20T02:48:46,1,0x40,0x0,14109,31063580,103.02,3.22E-06,33.4,345.6,344.8,0,0,0,0,0,0
2013-11-20T02:49:46,1,0x40,0x0,14124,36245500,103.02,2.77E-06,33.4,346.4,345.3,0,0,0,0,0,0
2013-11-20T02:50:46,1,0x40,0x0,14138,31031502,103.02,3.22E-06,33.4,345.6,344.8,0,0,0,0,0,0
2013-11-20T02:51:46,1,0x40,0x0,14153,36991976,103.02,2.72E-06,33.4,346.3,345.3,0,0,0,0,0,0
2013-11-20T02:52:46,1,0x40,0x0,14168,31679724,103.02,3.16E-06,33.4,345.5,344.8,0,0,0,0,0,0
2013-11-20T02:53:46,1,0x40,0x0,14183,31366010,103.02,3.19E-06,33.4,345.5,344.7,0,0,0,0,0,0
2013-11-20T02:54:46,1,0x40,0x0,14197,37203044,103.02,2.70E-06,33.4,346.4,345.3,0,0,0,0,0,0
2013-11-20T02:55:46,1,0x40,0x0,14212,31335384,103.02,3.19E-06,33.4,345.6,344.8,0,0,0,0,0,0
2013-11-20T02:56:46,1,0x40,0x0,14227,35693048,103.02,2.81E-06,33.4,346.4,345.4,0,0,0,0,0,0
2013-11-20T02:57:46,1,0x40,0x0,14242,32253566,103.02,3.10E-06,33.4,345.6,344.8,0,0,0,0,0,0
2013-11-20T02:58:46,1,0x40,0x0,14256,37254172,103.01,2.70E-06,33.4,346.4,345.3,0,0,0,0,0,0
2013-11-20T02:59:46,1,0x40,0x0,14271,31866752,103.02,3.14E-06,33.4,345.6,344.9,0,0,0,0,0,0
2013-11-20T03:00:46,1,0x40,0x0,14286,37607268,103.02,2.67E-06,33.4,346.4,345.3,0,0,0,0,0,0
2013-11-20T03:01:46,1,0x40,0x0,14300,38337596,103.02,2.62E-06,33.4,346.4,345.3,0,0,0,0,0,0
2013-11-20T03:02:46,1,0x40,0x0,14315,32294688,103.02,3.10E-06,33.4,345.7,344.9,0,0,0,0,0,0
2013-11-20T03:03:46,1,0x40,0x0,14330,36380124,103.02,2.76E-06,33.4,346.4,345.3,0,0,0,0,0,0
2013-11-20T03:04:46,1,0x40,0x0,14345,31341042,103.02,3.19E-06,33.5,345.6,344.8,0,0,0,0,0,0
2013-11-20T03:05:46,1,0x40,0x0,14359,36285136,103.02,2.77E-06,33.5,346.4,345.3,0,0,0,0,0,0
2013-11-20T03:06:46,1,0x40,0x0,14374,31385862,103.02,3.19E-06,33.5,345.7,344.9,0,0,0,0,0,0
2013-11-20T03:07:46,1,0x40,0x0,14389,37191916,103.02,2.70E-06,33.5,346.3,345.3,0,0,0,0,0,0
2013-11-20T03:08:46,1,0x40,0x0,14404,31622832,103.02,3.16E-06,33.5,345.7,344.9,0,0,0,0,0,0
2013-11-20T03:09:46,1,0x40,0x0,14418,36854320,103.02,2.73E-06,33.5,346.4,345.4,0,0,0,0,0,0
2013-11-20T03:10:46,1,0x40,0x0,14433,37708756,103.02,2.67E-06,33.5,346.3,345.3,0,0,0,0,0,0
2013-11-20T03:11:46,1,0x40,0x0,14448,32549550,103.02,3.08E-06,33.5,345.5,344.7,0,0,0,0,0,0
2013-11-20T03:12:46,1,0x40,0x0,14462,38159436,103.02,2.63E-06,33.5,346.3,345.3,0,0,0,0,0,0
2013-11-20T03:13:46,1,0x40,0x0,14477,32432124,103.02,3.09E-06,33.5,345.5,344.7,0,0,0,0,0,0
2013-11-20T03:14:46,1,0x40,0x0,14492,37682396,103.01,2.67E-06,33.5,346.3,345.2,0,0,0,0,0,0
2013-11-20T03:15:46,1,0x40,0x0,14507,32601878,103.01,3.07E-06,33.5,345.7,344.9,0,0,0,0,0,0
2013-11-20T03:16:46,1,0x40,0x0,14521,38984164,103.01,2.58E-06,33.5,346.4,345.3,0,0,0,0,0,0
2013-11-20T03:17:46,1,0x40,0x0,14536,33782488,103.02,2.97E-06,33.5,345.6,344.8,0,0,0,0,0,0
2013-11-20T03:18:46,1,0x40,0x0,14551,33043812,103.02,3.03E-06,33.5,345.6,344.8,0,0,0,0,0,0
2013-11-20T03:19:46,1,0x40,0x0,14566,38548548,103.02,2.61E-06,33.5,346.4,345.3,0,0,0,0,0,0
2013-11-20T03:20:46,1,0x40,0x0,14580,33312032,103.01,3.01E-06,33.5,345.6,344.8,0,0,0,0,0,0
2013-11-20T03:21:46,1,0x40,0x0,14595,40155608,103.02,2.51E-06,33.5,346.3,345.2,0,0,0,0,0,0
2013-11-20T03:22:46,1,0x40,0x0,14610,34013164,103.02,2.95E-06,33.5,345.5,344.8,0,0,0,0,0,0
2013-11-20T03:23:46,1,0x40,0x0,14624,40302452,103.02,2.50E-06,33.5,346.3,345.2,0,0,0,0,0,0
2013-11-20T03:24:46,1,0x40,0x0,14639,33280204,103.01,3.01E-06,33.5,345.6,344.8,0,0,0,0,0,0
2013-11-20T03:25:46,1,0x40,0x0,14654,38917228,103.02,2.58E-06,33.5,346.3,345.2,0,0,0,0,0,0
2013-11-20T03:26:46,1,0x40,0x0,14669,33051224,103.02,3.03E-06,33.5,345.7,344.9,0,0,0,0,0,0
2013-11-20T03:27:46,1,0x40,0x0,14683,34113768,103.01,2.94E-06,33.5,345.5,344.7,0,0,0,0,0,0
2013-11-20T03:28:46,1,0x40,0x0,14698,40463880,103.02,2.49E-06,33.5,346.3,345.2,0,0,0,0,0,0
2013-11-20T03:29:46,1,0x40,0x0,14713,33615148,103.02,2.98E-06,33.5,345.6,344.9,0,0,0,0,0,0
2013-11-20T03:30:46,1,0x40,0x0,14728,39624800,103.02,2.54E-06,33.5,346.4,345.3,0,0,0,0,0,0
